Workbook

Sheet 2025 x 2026
A1: PN | B1: Descrição | C1: 2025 Distri | D1: 2026 Distri | E1: % Alteração
A2: 932AD161100M33 | B2: =_xlfn.XLOOKUP(A2,'2026'!A:A,'2026'!B:B) -> MON LCD PCAP LITE 15.6 VGA/HDMI LOGO CBR BRA | C2: =_xlfn.XLOOKUP(A2,'2025 NOV'!A:A,'2025 NOV'!G:G) -> 247.69393 | D2: =_xlfn.XLOOKUP(A2,'2026'!A:A,'2026'!L:L) -> 259.94688 | E2: =(D2-C2)/C2 -> 0.049468085
A3: 921LD020700733 | B3: =_xlfn.XLOOKUP(A3,'2026'!A:A,'2026'!B:B) -> NPDV FUSION PC 10.1 CX REG 2TPCAP IMP ETH PR DISP.CLI BRA * | C3: =_xlfn.XLOOKUP(A3,'2025 NOV'!A:A,'2025 NOV'!G:G) -> 595.33779 | D3: =_xlfn.XLOOKUP(A3,'2026'!A:A,'2026'!L:L) -> 595.33779 | E3: =(D3-C3)/C3 -> 1.909619e-16
A4: 931FL103300L33 | B4: =_xlfn.XLOOKUP(A4,'2026'!A:A,'2026'!B:B) -> CX REG SIRIUS PC 15.6" PCAP + 15.6" J6412 8/128GB | C4: =_xlfn.XLOOKUP(A4,'2025 NOV'!A:A,'2025 NOV'!G:G) -> #N/A | D4: =_xlfn.XLOOKUP(A4,'2026'!A:A,'2026'!L:L) -> 894.54091 | E4: =(D4-C4)/C4 -> #N/A
A5: 931FL104900L33 | B5: =_xlfn.XLOOKUP(A5,'2026'!A:A,'2026'!B:B) -> CX REG SIRIUS PC 15.6" J6412 8/128GB | C5: =_xlfn.XLOOKUP(A5,'2025 NOV'!A:A,'2025 NOV'!G:G) -> 523.07588 | D5: =_xlfn.XLOOKUP(A5,'2026'!A:A,'2026'!L:L) -> 750.79312 | E5: =(D5-C5)/C5 -> 0.43534267
A6: 921LB660400733 | B6: =_xlfn.XLOOKUP(A6,'2026'!A:A,'2026'!B:B) -> CX REG SIRIUS 15.6" J6412 8+128 GB WIN IOT BRA | C6: =_xlfn.XLOOKUP(A6,'2025 NOV'!A:A,'2025 NOV'!G:G) -> 654.95742 | D6: =_xlfn.XLOOKUP(A6,'2026'!A:A,'2026'!L:L) -> 858.71545 | E6: =(D6-C6)/C6 -> 0.31110117
A7: 931FL105000L33 | B7: =_xlfn.XLOOKUP(A7,'2026'!A:A,'2026'!B:B) -> CX REG SIRIUS PC 15.6" J6412 8/128GB +11.6" NO TOUCH | C7: =_xlfn.XLOOKUP(A7,'2025 NOV'!A:A,'2025 NOV'!G:G) -> 669.93115 | D7: =_xlfn.XLOOKUP(A7,'2026'!A:A,'2026'!L:L) -> 847.30456 | E7: =(D7-C7)/C7 -> 0.26476364
A8: 921LB660600733 | B8: =_xlfn.XLOOKUP(A8,'2026'!A:A,'2026'!B:B) -> CX REG SIRIUS 15.6" + 11.6" J6412 8+128 GB NO TOUCH WIN IOT BRA | C8: =_xlfn.XLOOKUP(A8,'2025 NOV'!A:A,'2025 NOV'!G:G) -> 784.73047 | D8: =_xlfn.XLOOKUP(A8,'2026'!A:A,'2026'!L:L) -> 954.68293 | E8: =(D8-C8)/C8 -> 0.2165743
A9: 931FL105100L33 | B9: =_xlfn.XLOOKUP(A9,'2026'!A:A,'2026'!B:B) -> CX REG SIRIUS PC 15.6" J6412 8/128GB +11.6" TOUCH | C9: =_xlfn.XLOOKUP(A9,'2025 NOV'!A:A,'2025 NOV'!G:G) -> 707.32594 | D9: =_xlfn.XLOOKUP(A9,'2026'!A:A,'2026'!L:L) -> 887.95624 | E9: =(D9-C9)/C9 -> 0.25537067
A10: 921LB660800733 | B10: =_xlfn.XLOOKUP(A10,'2026'!A:A,'2026'!B:B) -> CX REG SIRIUS 15.6" + 11.6" PCAP J6412 8+128 GB TOUCH WIN IOT BRA | C10: =_xlfn.XLOOKUP(A10,'2025 NOV'!A:A,'2025 NOV'!G:G) -> 822.83558 | D10: =_xlfn.XLOOKUP(A10,'2026'!A:A,'2026'!L:L) -> 995.81301 | E10: =(D10-C10)/C10 -> 0.21022114
A11: 931FL102900L33 | B11: =_xlfn.XLOOKUP(A11,'2026'!A:A,'2026'!B:B) -> CX REG VEGA 11.6 J6412 8+128 GB | C11: =_xlfn.XLOOKUP(A11,'2025 NOV'!A:A,'2025 NOV'!G:G) -> 647.89307 | D11: =_xlfn.XLOOKUP(A11,'2026'!A:A,'2026'!L:L) -> 827.446 | E11: =(D11-C11)/C11 -> 0.27713359
A12: 931FL106000L33 | B12: =_xlfn.XLOOKUP(A12,'2026'!A:A,'2026'!B:B) -> CX REG VEGA PC 11.6" J6412 4/128GB IMP TER 80MM + ALTO-FALANTE | C12: =_xlfn.XLOOKUP(A12,'2025 NOV'!A:A,'2025 NOV'!G:G) -> 647.96296 | D12: =_xlfn.XLOOKUP(A12,'2026'!A:A,'2026'!L:L) -> 827.446 | E12: =(D12-C12)/C12 -> 0.27699583
A13: 921LB660100733 | B13: =_xlfn.XLOOKUP(A13,'2026'!A:A,'2026'!B:B) -> CX REG VEGA 11.6 J6412 4+128 GB WIN IOT BRA | C13: =_xlfn.XLOOKUP(A13,'2025 NOV'!A:A,'2025 NOV'!G:G) -> 843.49486 | D13: =_xlfn.XLOOKUP(A13,'2026'!A:A,'2026'!L:L) -> 934.65262 | E13: =(D13-C13)/C13 -> 0.10807151
... A15: 921LB660200733 | B15: =_xlfn.XLOOKUP(A15,'2026'!A:A,'2026'!B:B) -> CX REG ANTARES 15.6 J6412 4+128 GB WIN IOT BRA | C15: =_xlfn.XLOOKUP(A15,'2025 NOV'!A:A,'2025 NOV'!G:G) -> 810.50503 | D15: =_xlfn.XLOOKUP(A15,'2026'!A:A,'2026'!L:L) -> 1067.4078 | E15: =(D15-C15)/C15 -> 0.31696632
A16: 921LB662500733 | B16: =_xlfn.XLOOKUP(A16,'2025 NOV'!A:A,'2025 NOV'!B:B) -> CX REG SIRIUS PC 15.6" I3-12TH 8/128GB BRA + 11.6 NO TOUCH | C16: =_xlfn.XLOOKUP(A16,'2025 NOV'!A:A,'2025 NOV'!G:G) -> 960.78631 | D16: =_xlfn.XLOOKUP(A16,'2026'!A:A,'2026'!L:L) -> #N/A | E16: =(D16-C16)/C16 -> #N/A
A17: 921LB661100733 | B17: =_xlfn.XLOOKUP(A17,'2026'!A:A,'2026'!B:B) -> CX REG SIRIUS PC 15.6" + 11.6" PCAP I3 10TH 8/128GB | C17: =_xlfn.XLOOKUP(A17,'2025 NOV'!A:A,'2025 NOV'!G:G) -> 1001.2584 | D17: =_xlfn.XLOOKUP(A17,'2026'!A:A,'2026'!L:L) -> 788.66242 | E17: =(D17-C17)/C17 -> -0.21232877
A18: 931FL104600L33 | B18: =_xlfn.XLOOKUP(A18,'2026'!A:A,'2026'!B:B) -> CX REG VEGA PC 11.6" I3-12TH 8/128GB IMP TER 80MM BRA | C18: =_xlfn.XLOOKUP(A18,'2025 NOV'!A:A,'2025 NOV'!G:G) -> #N/A | D18: =_xlfn.XLOOKUP(A18,'2026'!A:A,'2026'!L:L) -> 1030.2253 | E18: =(D18-C18)/C18 -> #N/A
A19: 921LB661200733 | B19: =_xlfn.XLOOKUP(A19,'2026'!A:A,'2026'!B:B) -> CX REG VEGA 11.6 I3 10TH 8+128GB WIN PRO BRA (47 pç) | C19: =_xlfn.XLOOKUP(A19,'2025 NOV'!A:A,'2025 NOV'!G:G) -> 1051.5578 | D19: =_xlfn.XLOOKUP(A19,'2026'!A:A,'2026'!L:L) -> 1044.3072 | E19: =(D19-C19)/C19 -> -0.006895175
A20: 921LB662300733 | B20: =_xlfn.XLOOKUP(A20,'2026'!A:A,'2026'!B:B) -> CX REG SIRIUS PC 15.6" I5 12TH + 11.6 PCAP + WIFI | C20: =_xlfn.XLOOKUP(A20,'2025 NOV'!A:A,'2025 NOV'!G:G) -> 1147.502 | D20: =_xlfn.XLOOKUP(A20,'2026'!A:A,'2026'!L:L) -> 1207.8513 | E20: =(D20-C20)/C20 -> 0.052591928
A21: 935FL103400L33 | B21: =_xlfn.XLOOKUP(A21,'2026'!A:A,'2026'!B:B) -> CX REG SIRIUS PC 15.6" I5 12TH 8/256GB | C21: =_xlfn.XLOOKUP(A21,'2025 NOV'!A:A,'2025 NOV'!G:G) -> 918.83631 | D21: =_xlfn.XLOOKUP(A21,'2026'!A:A,'2026'!L:L) -> 1061.1988 | E21: =(D21-C21)/C21 -> 0.15493781
A22: 921LB662400733 | B22: =_xlfn.XLOOKUP(A22,'2026'!A:A,'2026'!B:B) -> CX REG SIRIUS PC 15.6" I5-12TH 8/256GB +11.6" NO TOUCH | C22: =_xlfn.XLOOKUP(A22,'2025 NOV'!A:A,'2025 NOV'!G:G) -> 1052.2037 | D22: =_xlfn.XLOOKUP(A22,'2026'!A:A,'2026'!L:L) -> 1157.7136 | E22: =(D22-C22)/C22 -> 0.10027512
A23: 921LB662200733 | B23: =_xlfn.XLOOKUP(A23,'2026'!A:A,'2026'!B:B) -> CX REG SIRIUS PC 15.6" I5 -12TH 8/256GB +11.6" TOUCH | C23: =_xlfn.XLOOKUP(A23,'2025 NOV'!A:A,'2025 NOV'!G:G) -> 1092.1074 | D23: =_xlfn.XLOOKUP(A23,'2026'!A:A,'2026'!L:L) -> 1198.3012 | E23: =(D23-C23)/C23 -> 0.097237544
A24: 921LB660100L33 | B24: =_xlfn.XLOOKUP(A24,'2026'!A:A,'2026'!B:B) -> CX REG SIRIUS 15.6 PCAP I5 7USB WIFI+BT BRA | C24: =_xlfn.XLOOKUP(A24,'2025 NOV'!A:A,'2025 NOV'!G:G) -> 916.57314 | D24: =_xlfn.XLOOKUP(A24,'2026'!A:A,'2026'!L:L) -> 1067.4472 | E24: =(D24-C24)/C24 -> 0.16460663
A25: 921LB662000733 | B25: =_xlfn.XLOOKUP(A25,'2026'!A:A,'2026'!B:B) -> CX REG SIRIUS 15.6"+15.6" PCAP I5 12TH 8/256 WIFI | C25: =_xlfn.XLOOKUP(A25,'2025 NOV'!A:A,'2025 NOV'!G:G) -> 1069.9588 | D25: =_xlfn.XLOOKUP(A25,'2026'!A:A,'2026'!L:L) -> 1220.7977 | E25: =(D25-C25)/C25 -> 0.14097633
A26: 935KY432500L33 | B26: =_xlfn.XLOOKUP(A26,'2026'!A:A,'2026'!B:B) -> SIRIUS AND - RK3568 2GB/16GB 15.6" PCAP | C26: =_xlfn.XLOOKUP(A26,'2025 NOV'!A:A,'2025 NOV'!G:G) -> 456.07591 | D26: =_xlfn.XLOOKUP(A26,'2026'!A:A,'2026'!L:L) -> 549.04474 | E26: =(D26-C26)/C26 -> 0.20384508
A27: 921LB662100733 | B27: =_xlfn.XLOOKUP(A27,'2026'!A:A,'2026'!B:B) -> CX REG SIRIUS AND 15.6" + 11.6" 2/16GB | C27: =_xlfn.XLOOKUP(A27,'2025 NOV'!A:A,'2025 NOV'!G:G) -> #N/A | D27: =_xlfn.XLOOKUP(A27,'2026'!A:A,'2026'!L:L) -> 654.28721 | E27: =(D27-C27)/C27 -> #N/A
A28: 935KY432400L33 | B28: =_xlfn.XLOOKUP(A28,'2026'!A:A,'2026'!B:B) -> CX REG VEGA AND 11 11.6" RK3568 4/16 GB IMP TER 80MM | C28: =_xlfn.XLOOKUP(A28,'2025 NOV'!A:A,'2025 NOV'!G:G) -> 923.71527 | D28: =_xlfn.XLOOKUP(A28,'2026'!A:A,'2026'!L:L) -> 638.86179 | E28: =(D28-C28)/C28 -> -0.30837801
... A56: 915NB020200333 | B56: =_xlfn.XLOOKUP(A56,'2026'!A:A,'2026'!B:B) -> IMP TERM PM2 MINI 4.7-5V C KIT CABOS RS232 BRA | C56: =_xlfn.XLOOKUP(A56,'2025 NOV'!A:A,'2025 NOV'!G:G) -> 114.43269 | D56: =_xlfn.XLOOKUP(A56,'2026'!A:A,'2026'!L:L) -> 114.43269 | E56: =(D56-C56)/C56 -> -2.4837055e-16
A57: 915GJ010100322 | B57: =_xlfn.XLOOKUP(A57,'2025 NOV'!A:A,'2025 NOV'!B:B) -> IMP TERM PLUS4 KIT CABOS RS232 BRA | C57: =_xlfn.XLOOKUP(A57,'2025 NOV'!A:A,'2025 NOV'!G:G) -> 342.46763 | D57: =_xlfn.XLOOKUP(A57,'2026'!A:A,'2026'!L:L) -> #N/A | E57: =(D57-C57)/C57 -> #N/A
A58: 9C3FH010000002 | B58: =_xlfn.XLOOKUP(A58,'2026'!A:A,'2026'!B:B) -> LEITOR COD BARRAS 2D USB KBR2D-C CASE | C58: =_xlfn.XLOOKUP(A58,'2025 NOV'!A:A,'2025 NOV'!G:G) -> 65.41887 | D58: =_xlfn.XLOOKUP(A58,'2026'!A:A,'2026'!L:L) -> 65.41887 | E58: =(D58-C58)/C58 -> 0
A59: 9C1FH016800010 | B59: =_xlfn.XLOOKUP(A59,'2026'!A:A,'2026'!B:B) -> LEITOR COD BARRAS 2D USB CBR2D-C CASE | C59: =_xlfn.XLOOKUP(A59,'2025 NOV'!A:A,'2025 NOV'!G:G) -> 45.765073 | D59: =_xlfn.XLOOKUP(A59,'2026'!A:A,'2026'!L:L) -> 45.765073 | E59: =(D59-C59)/C59 -> 3.1051747e-16
A60: 9C1FH016800020 | B60: =_xlfn.XLOOKUP(A60,'2026'!A:A,'2026'!B:B) -> LEITOR DE CODIGO DE BARRAS CBR2D-C USB/SERIAL | C60: =_xlfn.XLOOKUP(A60,'2025 NOV'!A:A,'2025 NOV'!G:G) -> 59.397222 | D60: =_xlfn.XLOOKUP(A60,'2026'!A:A,'2026'!L:L) -> 59.397222 | E60: =(D60-C60)/C60 -> -1.1962558e-16
A61: 26500000000165 | B61: =_xlfn.XLOOKUP(A61,'2026'!A:A,'2026'!B:B) -> CABO SERIAL DB9/RJ45 PARA LEITOR CBR2D-C 2M | C61: =_xlfn.XLOOKUP(A61,'2025 NOV'!A:A,'2025 NOV'!G:G) -> 8.4345953 | D61: =_xlfn.XLOOKUP(A61,'2026'!A:A,'2026'!L:L) -> 8.4345953 | E61: =(D61-C61)/C61 -> 3.5802626e-15
A62: 992ED040600233 | B62: =_xlfn.XLOOKUP(A62,'2026'!A:A,'2026'!B:B) -> LEITOR DE CODIGO DE BARRAS CBR2D-T USB | C62: =_xlfn.XLOOKUP(A62,'2025 NOV'!A:A,'2025 NOV'!G:G) -> 120.74189 | D62: =_xlfn.XLOOKUP(A62,'2026'!A:A,'2026'!L:L) -> 120.74189 | E62: =(D62-C62)/C62 -> 8.2387297e-16
A63: 26500000000172 | B63: =_xlfn.XLOOKUP(A63,'2026'!A:A,'2026'!B:B) -> CABO SERIAL DB9/RJ45 PARA LEITOR CBR2D-T 2M | C63: =_xlfn.XLOOKUP(A63,'2025 NOV'!A:A,'2025 NOV'!G:G) -> 7.7011522 | D63: =_xlfn.XLOOKUP(A63,'2026'!A:A,'2026'!L:L) -> 7.7011522 | E63: =(D63-C63)/C63 -> -3.4599177e-16
A64: 976ZZ010000347 | B64: =_xlfn.XLOOKUP(A64,'2026'!A:A,'2026'!B:B) -> CABO SERIAL DB9/RJ45 PARA LEITOR CBR2D-V 2M | C64: =_xlfn.XLOOKUP(A64,'2025 NOV'!A:A,'2025 NOV'!G:G) -> #N/A | D64: =_xlfn.XLOOKUP(A64,'2026'!A:A,'2026'!L:L) -> 8.4538085 | E64: =(D64-C64)/C64 -> #N/A
A65: 932AD180100M33 | B65: =_xlfn.XLOOKUP(A65,'2026'!A:A,'2026'!B:B) -> CTM-0700 OF MONITOR DE VIDEO 7" COM TOUCH PCAP | C65: =_xlfn.XLOOKUP(A65,'2025 NOV'!A:A,'2025 NOV'!G:G) -> 186.29011 | D65: =_xlfn.XLOOKUP(A65,'2026'!A:A,'2026'!L:L) -> 186.29011 | E65: =(D65-C65)/C65 -> -3.0513385e-16
A66: 932AD180200M33 | B66: =_xlfn.XLOOKUP(A66,'2026'!A:A,'2026'!B:B) -> CTM-0700 OF MONITOR DE VIDEO 7" NO TOUCH PCAP | C66: =_xlfn.XLOOKUP(A66,'2025 NOV'!A:A,'2025 NOV'!G:G) -> 129.4895 | D66: =_xlfn.XLOOKUP(A66,'2026'!A:A,'2026'!L:L) -> 129.4895 | E66: =(D66-C66)/C66 -> -2.414395e-15
A67: 932AD150100M33 | B67: =_xlfn.XLOOKUP(A67,'2026'!A:A,'2026'!B:B) -> CTM-1010 OF MONITOR DE VIDEO 10.1" COM TOUCH PCAP | C67: =_xlfn.XLOOKUP(A67,'2025 NOV'!A:A,'2025 NOV'!G:G) -> 187.91 | D67: =_xlfn.XLOOKUP(A67,'2026'!A:A,'2026'!L:L) -> 187.906 | E67: =(D67-C67)/C67 -> -2.1308143e-05
A68: 932AD150900M33 | B68: =_xlfn.XLOOKUP(A68,'2026'!A:A,'2026'!B:B) -> CTM-1010 OF MONITOR DE VIDEO 10.1" NO TOUCH | C68: =_xlfn.XLOOKUP(A68,'2025 NOV'!A:A,'2025 NOV'!G:G) -> 146.94 | D68: =_xlfn.XLOOKUP(A68,'2026'!A:A,'2026'!L:L) -> 146.94379 | E68: =(D68-C68)/C68 -> 2.5787731e-05
A69: 932AD060600M33 | B69: =_xlfn.XLOOKUP(A69,'2026'!A:A,'2026'!B:B) -> CTM-1500 OF MONITOR DE VIDEO 15" COM TOUCH PCAP | C69: =_xlfn.XLOOKUP(A69,'2025 NOV'!A:A,'2025 NOV'!G:G) -> 275.07917 | D69: =_xlfn.XLOOKUP(A69,'2026'!A:A,'2026'!L:L) -> 275.07917 | E69: =(D69-C69)/C69 -> 2.0664385e-16
... A77: 932AD210200L33 | B77: =_xlfn.XLOOKUP(A77,'2026'!A:A,'2026'!B:B) -> CTM-5500 OF MONITOR DE VIDEO 55" COM TOUCH PCAP | C77: =_xlfn.XLOOKUP(A77,'2025 NOV'!A:A,'2025 NOV'!G:G) -> 1576.0297 | D77: =_xlfn.XLOOKUP(A77,'2026'!A:A,'2026'!L:L) -> 1576.0297 | E77: =(D77-C77)/C77 -> 1.4426992e-15
B78: CTM-0700 OF MONITOR DE VIDEO 7" COM TOUCH PCAP + PEDESTAL | C78: =_xlfn.XLOOKUP(A78,'2025 NOV'!A:A,'2025 NOV'!G:G) -> #N/A | D78: =_xlfn.XLOOKUP(A78,'2026'!A:A,'2026'!L:L) -> 205.02496 | E78: =(D78-C78)/C78 -> #N/A
B79: CTM-0700 OF MONITOR DE VIDEO 7" NO TOUCH PCAP + PEDESTAL | C79: =_xlfn.XLOOKUP(A79,'2025 NOV'!A:A,'2025 NOV'!G:G) -> #N/A | D79: =_xlfn.XLOOKUP(A79,'2026'!A:A,'2026'!L:L) -> 205.02496 | E79: =(D79-C79)/C79 -> #N/A
A80: 932AD150500M33 | B80: =_xlfn.XLOOKUP(A80,'2026'!A:A,'2026'!B:B) -> CTM-1010 OF MONITOR DE VIDEO 10.1" COM TOUCH PCAP + PEDESTAL | C80: =_xlfn.XLOOKUP(A80,'2025 NOV'!A:A,'2025 NOV'!G:G) -> 208.01196 | D80: =_xlfn.XLOOKUP(A80,'2026'!A:A,'2026'!L:L) -> 208.01196 | E80: =(D80-C80)/C80 -> 2.7326996e-16
A81: 932AD150600M33 | B81: =_xlfn.XLOOKUP(A81,'2026'!A:A,'2026'!B:B) -> CTM-1010 OF MONITOR DE VIDEO 10.1" NO TOUCH PCAP + PEDESTAL | C81: =_xlfn.XLOOKUP(A81,'2025 NOV'!A:A,'2025 NOV'!G:G) -> 213.10617 | D81: =_xlfn.XLOOKUP(A81,'2026'!A:A,'2026'!L:L) -> 213.10617 | E81: =(D81-C81)/C81 -> -1.4670566e-15
A82: 932AD062600L33 | B82: =_xlfn.XLOOKUP(A82,'2026'!A:A,'2026'!B:B) -> CTM-1500 OF MONITOR DE VIDEO 15" COM TOUCH PCAP + PEDESTAL | C82: =_xlfn.XLOOKUP(A82,'2025 NOV'!A:A,'2025 NOV'!G:G) -> 318.40523 | D82: =_xlfn.XLOOKUP(A82,'2026'!A:A,'2026'!L:L) -> 318.40523 | E82: =(D82-C82)/C82 -> -1.0711524e-15
A83: 932AD160900M33 | B83: =_xlfn.XLOOKUP(A83,'2026'!A:A,'2026'!B:B) -> CTM-1560 OF MONITOR DE VIDEO 15.6" COM TOUCH PCAP + PEDESTAL | C83: =_xlfn.XLOOKUP(A83,'2025 NOV'!A:A,'2025 NOV'!G:G) -> 327.37256 | D83: =_xlfn.XLOOKUP(A83,'2026'!A:A,'2026'!L:L) -> 327.37256 | E83: =(D83-C83)/C83 -> 6.9454104e-16
B84: CTM-1700 OF MONITOR DE VIDEO 17" COM TOUCH PCAP + PEDESTAL | C84: 411.7 | D84: 411.7 | E84: =(D84-C84)/C84 -> 0
A85: 932AD170500M33 | B85: =_xlfn.XLOOKUP(A85,'2026'!A:A,'2026'!B:B) -> CTM-1850 OF MONITOR DE VIDEO 18.5" COM TOUCH PCAP + PEDESTAL | C85: =_xlfn.XLOOKUP(A85,'2025 NOV'!A:A,'2025 NOV'!G:G) -> 390.32579 | D85: =_xlfn.XLOOKUP(A85,'2026'!A:A,'2026'!L:L) -> 390.32579 | E85: =(D85-C85)/C85 -> 1.456307e-16
A86: 974AD030000001 | B86: =_xlfn.XLOOKUP(A86,'2026'!A:A,'2026'!B:B) -> PEDESTAL ARTICULADO PARA MONITOR 7", 10.1" E 15.6 LITE | C86: =_xlfn.XLOOKUP(A86,'2025 NOV'!A:A,'2025 NOV'!G:G) -> 44.455285 | D86: =_xlfn.XLOOKUP(A86,'2026'!A:A,'2026'!L:L) -> 44.45328 | E86: =(D86-C86)/C86 -> -4.5094164e-05
A87: 974AD060000002 | B87: =_xlfn.XLOOKUP(A87,'2026'!A:A,'2026'!B:B) -> PEDESTAL ARTICULADO PARA MONITOR CTM DE 15" A 18.5" | C87: =_xlfn.XLOOKUP(A87,'2025 NOV'!A:A,'2025 NOV'!G:G) -> 59.691057 | D87: =_xlfn.XLOOKUP(A87,'2026'!A:A,'2026'!L:L) -> 59.694404 | E87: =(D87-C87)/C87 -> 5.6080399e-05

Sheet 2026 - Mar - V2
A1: PN | B1: DESCRIÇÃO | C1: NCM | D1: PPB | E1: GARANTIA | F1: IPI | G1: ICMS | H1: ESTADO DESTINO | I1: NATUREZA OPERAÇÃO | J1: IE? | K1: IMPOSTO | L1: DISTRI | M1: 1 - 5 | N1: 6 - 10 | O1: 10+ | P1: ESPECIAL | Q1: SHOWROOM | R1: Tem na 2025? | S1: Categoria | T1: Processador | U1: Tela Principal | V1: Tela Secundária | W1: Touch 2a Tela | X1: RAM | Y1: SSD
A2: 932AD161100M33 | B2: MON LCD PCAP LITE 15.6" VGA/HDMI LOGO CBR COM PEDESTAL BRA | C2: 8528.52.00 | D2: Não | E2: 1 ano | F2: 0.15 | G2: =IF(D2="Sim",0.12,0.04) -> 0.04 | L2: 259.94688 | M2: =L2*1.23 -> 319.73466 | N2: =L2*1.2 -> 311.93625 | O2: =L2*1.17 -> 304.13785 | P2: =(O2+L2)/2 -> 282.04236 | Q2: =L2*1.01249086924762 -> 263.19384 | S2: MONITOR LITE | T2: N/A | U2: 15.6 | V2: N/A | W2: N/A | X2: N/A | Y2: N/A
A3: 931FL104900L33 | B3: CX REG SIRIUS PC 15.6" J6412 8/128GB | C3: 8470.50.10 | D3: Não | E3: 3 anos | F3: 0.15 | G3: =IF(D3="Sim",0.12,0.04) -> 0.04 | L3: 750.79312 | M3: =L3*1.23 -> 923.47554 | N3: =L3*1.2 -> 900.95175 | O3: =L3*1.17 -> 878.42795 | P3: =(O3+L3)/2 -> 814.61054 | Q3: =L3*1.01249086924762 -> 760.17118 | S3: PDV | T3: J6412 | U3: 15.6 | V3: N/A | W3: N/A | X3: 8 | Y3: 128
A4: 931FL105000L33 | B4: CX REG SIRIUS PC 15.6"+11.6" J6412 8/128GB | C4: 8470.50.10 | D4: Não | E4: 3 anos | F4: 0.15 | G4: =IF(D4="Sim",0.12,0.04) -> 0.04 | L4: 847.30456 | M4: =L4*1.23 -> 1042.1846 | N4: =L4*1.2 -> 1016.7655 | O4: =L4*1.17 -> 991.34633 | P4: =(O4+L4)/2 -> 919.32544 | Q4: =L4*1.01249086924762 -> 857.88813 | S4: PDV | T4: J6412 | U4: 15.6 | V4: 11.6 | W4: NÃO | X4: 8 | Y4: 128
A5: 931FL105100L33 | B5: CX REG SIRIUS PC 15.6"+11.6" PCAP J6412 8/128GB | C5: 8470.50.10 | D5: Não | E5: 3 anos | F5: 0.15 | G5: =IF(D5="Sim",0.12,0.04) -> 0.04 | L5: 887.95624 | M5: =L5*1.23 -> 1092.1862 | N5: =L5*1.2 -> 1065.5475 | O5: =L5*1.17 -> 1038.9088 | P5: =(O5+L5)/2 -> 963.43252 | Q5: =L5*1.01249086924762 -> 899.04758 | S5: PDV | T5: J6412 | U5: 15.6 | V5: 11.6 | W5: SIM | X5: 8 | Y5: 128
A6: 931FL102900L33 | B6: CX REG VEGA PC 11.6" J6412 4/128GB IMP TER 80MM | C6: 8470.50.10 | D6: Não | E6: 3 anos | F6: 0.15 | G6: =IF(D6="Sim",0.12,0.04) -> 0.04 | L6: 827.446 | M6: =L6*1.23 -> 1017.7586 | N6: =L6*1.2 -> 992.9352 | O6: =L6*1.17 -> 968.11182 | P6: =(O6+L6)/2 -> 897.77891 | Q6: =L6*1.01249086924762 -> 837.78152 | S6: PDV | T6: J6412 | U6: 15.6 | V6: N/A | W6: N/A | X6: 8 | Y6: 128
A7: 931FL106000L33 | B7: CX REG VEGA PC 11.6" J6412 4/128GB IMP TER 80MM + ALTO-FALANTE | C7: 8470.50.10 | D7: Não | E7: 3 anos | F7: 0.15 | G7: =IF(D7="Sim",0.12,0.04) -> 0.04 | L7: 827.446 | M7: =L7*1.23 -> 1017.7586 | N7: =L7*1.2 -> 992.9352 | O7: =L7*1.17 -> 968.11182 | P7: =(O7+L7)/2 -> 897.77891 | Q7: =L7*1.01249086924762 -> 837.78152 | S7: PDV | T7: J6412 | U7: 15.6 | V7: N/A | W7: N/A | X7: 4 | Y7: 128
A8: 931FL103000L33 | B8: CX REG ANTARES PC 15.6"+11.6" J6412 4/128GB IMP TER 80MM | C8: 8470.50.10 | D8: Não | E8: 3 anos | F8: 0.15 | G8: =IF(D8="Sim",0.12,0.04) -> 0.04 | L8: 706.87405 | M8: =L8*1.23 -> 869.45508 | N8: =L8*1.2 -> 848.24886 | O8: =L8*1.17 -> 827.04264 | P8: =(O8+L8)/2 -> 766.95835 | Q8: =L8*1.01249086924762 -> 715.70352 | S8: PDV | T8: J6412 | U8: 15.6 | V8: 11.6 | W8: SIM | X8: 4 | Y8: 128
A9: 931FL103000L33 | B9: CX REG ANTARES PC 15.6"+11.6" J6412 8/128GB IMP TER 80MM | C9: 8470.50.10 | D9: Não | E9: 3 anos | F9: 0.15 | G9: =IF(D9="Sim",0.12,0.04) -> 0.04 | L9: 955.67064 | M9: =L9*1.23 -> 1175.4749 | N9: =L9*1.2 -> 1146.8048 | O9: =L9*1.17 -> 1118.1346 | P9: =(O9+L9)/2 -> 1036.9026 | Q9: =L9*1.01249086924762 -> 967.60779 | S9: PDV | T9: J6412 | U9: 15.6 | V9: 11.6 | W9: SIM | X9: 4 | Y9: 128
A10: 931FL104600L33 | B10: CX REG VEGA PC 11.6" I3-10TH 8/128GB IMP TER 80MM BRA | C10: 8470.50.10 | D10: Não | E10: 3 anos | F10: 0.15 | G10: =IF(D10="Sim",0.12,0.04) -> 0.04 | L10: 1030.2253 | M10: =L10*1.23 -> 1267.1771 | N10: =L10*1.2 -> 1236.2703 | O10: =L10*1.17 -> 1205.3636 | P10: =(O10+L10)/2 -> 1117.7944 | Q10: =L10*1.01249086924762 -> 1043.0937 | S10: PDV | T10: I3 | U10: 15.6 | V10: N/A | W10: N/A | X10: 8 | Y10: 128
A11: 08GB S/ PEDESTAL | B11: CX REG SIRIUS 15.6 PCAP I5 12TH 8/256GB WIFI - SEM PEDESTAL | C11: 8470.50.10 | D11: Não | E11: 3 anos | F11: 0.15 | G11: =IF(D11="Sim",0.12,0.04) -> 0.04 | L11: 1040.3038 | M11: =L11*1.23 -> 1279.5736 | N11: =L11*1.2 -> 1248.3645 | O11: =L11*1.17 -> 1217.1554 | P11: =(O11+L11)/2 -> 1128.7296 | Q11: =L11*1.01249086924762 -> 1053.2981 | S11: PDV | T11: I5 | U11: 15.6 | V11: N/A | W11: N/A | X11: 8 | Y11: 256
A12: 935FL103400L33 | B12: CX REG SIRIUS PC 15.6" I5 12TH 8/256GB | C12: 8470.50.10 | D12: Não | E12: 3 anos | F12: 0.15 | G12: =IF(D12="Sim",0.12,0.04) -> 0.04 | L12: 1061.1988 | M12: =L12*1.23 -> 1305.2745 | N12: =L12*1.2 -> 1273.4386 | O12: =L12*1.17 -> 1241.6026 | P12: =(O12+L12)/2 -> 1151.4007 | Q12: =L12*1.01249086924762 -> 1074.4541 | S12: PDV | T12: I5 | U12: 15.6 | V12: N/A | W12: N/A | X12: 8 | Y12: 256
A13: 921LB660100L33 | B13: CX REG SIRIUS 15.6" PCAP WIFI+BT BRA I5 | C13: 8470.50.10 | D13: Não | E13: 3 anos | F13: 0.15 | G13: =IF(D13="Sim",0.12,0.04) -> 0.04 | L13: 1067.4472 | M13: =L13*1.23 -> 1312.96 | N13: =L13*1.2 -> 1280.9366 | O13: =L13*1.17 -> 1248.9132 | P13: =(O13+L13)/2 -> 1158.1802 | Q13: =L13*1.01249086924762 -> 1080.7805 | S13: PDV | T13: I5 | U13: 15.6 | V13: N/A | W13: N/A | X13: 8 | Y13: 256
A14: 921LB662400733 | B14: CX REG SIRIUS PC 15.6" I5-12TH 8/256GB +11.6" NO TOUCH | C14: 8470.50.10 | D14: Não | E14: 3 anos | F14: 0.15 | G14: =IF(D14="Sim",0.12,0.04) -> 0.04 | L14: 1157.7136 | M14: =L14*1.23 -> 1423.9877 | N14: =L14*1.2 -> 1389.2563 | O14: =L14*1.17 -> 1354.5249 | P14: =(O14+L14)/2 -> 1256.1192 | Q14: =L14*1.01249086924762 -> 1172.1744 | S14: PDV | T14: I5 | U14: 15.6 | V14: 11.6 | W14: NÃO | X14: 8 | Y14: 256
A15: 921LB662200733 | B15: CX REG SIRIUS PC 15.6"+11.6" PCAP I5 12TH 8/256GB | C15: 8470.50.10 | D15: Não | E15: 3 anos | F15: 0.15 | G15: =IF(D15="Sim",0.12,0.04) -> 0.04 | L15: 1198.3012 | M15: =L15*1.23 -> 1473.9105 | N15: =L15*1.2 -> 1437.9615 | O15: =L15*1.17 -> 1402.0125 | P15: =(O15+L15)/2 -> 1300.1569 | Q15: =L15*1.01249086924762 -> 1213.2691 | S15: PDV | T15: I5 | U15: 15.6 | V15: 11.6 | W15: SIM | X15: 8 | Y15: 256
A16: 921LB662300733 | B16: CX REG SIRIUS PC 15.6"+11.6" PCAP I5 12TH 8/256GB+WIFI | C16: 8470.50.10 | D16: Não | E16: 3 anos | F16: 0.15 | G16: =IF(D16="Sim",0.12,0.04) -> 0.04 | L16: 1207.8513 | M16: =L16*1.23 -> 1485.6571 | N16: =L16*1.2 -> 1449.4216 | O16: =L16*1.17 -> 1413.186 | P16: =(O16+L16)/2 -> 1310.5187 | Q16: =L16*1.01249086924762 -> 1222.9384 | S16: PDV | T16: I5 | U16: 15.6 | V16: 11.6 | W16: SIM | X16: 8 | Y16: 256
A17: 935KY432500L33 | B17: CX REG SIRIUS AND 11 15.6" RK3568 2/32 GB | C17: 8470.50.10 | D17: Não | E17: 3 anos | F17: 0.15 | G17: =IF(D17="Sim",0.12,0.04) -> 0.04 | L17: 549.04474 | M17: =L17*1.23 -> 675.32503 | N17: =L17*1.2 -> 658.85369 | O17: =L17*1.17 -> 642.38235 | P17: =(O17+L17)/2 -> 595.71355 | Q17: =L17*1.01249086924762 -> 555.90279 | S17: PDV | T17: ANDROID | U17: 15.6 | V17: N/A | W17: N/A | X17: 2 | Y17: 16
A18: 921LB662100733 | B18: CX REG SIRIUS AND 15.6"+11.6" S/TOUCH 2/32GB BRA | C18: 8470.50.10 | D18: Não | E18: 3 anos | F18: 0.15 | G18: =IF(D18="Sim",0.12,0.04) -> 0.04 | L18: 654.28721 | M18: =L18*1.23 -> 804.77326 | N18: =L18*1.2 -> 785.14465 | O18: =L18*1.17 -> 765.51603 | P18: =(O18+L18)/2 -> 709.90162 | Q18: =L18*1.01249086924762 -> 662.45982 | S18: PDV | T18: ANDROID | U18: 15.6 | V18: 11.6 | W18: NÃO | X18: 2 | Y18: 16
A19: 921LB662700733 | B19: CX REG SIRIUS AND 15.6"+11.6" PCAP 2/32 GB BRA | C19: 8470.50.10 | D19: Não | E19: 3 anos | F19: 0.15 | G19: =IF(D19="Sim",0.12,0.04) -> 0.04 | L19: 694.97476 | M19: =L19*1.23 -> 854.81896 | N19: =L19*1.2 -> 833.96972 | O19: =L19*1.17 -> 813.12047 | P19: =(O19+L19)/2 -> 754.04762 | Q19: =L19*1.01249086924762 -> 703.6556 | S19: PDV | T19: ANDROID | U19: 15.6 | V19: 11.6 | W19: SIM | X19: 2 | Y19: 32
A20: 935KY432400L33 | B20: CX REG VEGA AND 11 11.6" RK3568 2/32GB IMP TER 80MM | C20: 8470.50.10 | D20: Não | E20: 3 anos | F20: 0.15 | G20: =IF(D20="Sim",0.12,0.04) -> 0.04 | L20: 638.86179 | M20: =L20*1.23 -> 785.8 | N20: =L20*1.2 -> 766.63415 | O20: =L20*1.17 -> 747.46829 | P20: =(O20+L20)/2 -> 693.16504 | Q20: =L20*1.01249086924762 -> 646.84173 | S20: PDV | T20: ANDROID | U20: 15.6 | V20: N/A | W20: N/A | X20: 4 | Y20: 16
A21: 931FL103100L33 | B21: CX REG ANTARES AND 11 15.6"+11.6" RK3568 2/32GB IMP TER 80MM (8pç) | C21: 8470.50.10 | D21: Não | E21: 3 anos | F21: 0.15 | G21: =IF(D21="Sim",0.12,0.04) -> 0.04 | L21: 669.01808 | M21: =L21*1.23 -> 822.89224 | N21: =L21*1.2 -> 802.8217 | O21: =L21*1.17 -> 782.75116 | P21: =(O21+L21)/2 -> 725.88462 | Q21: =L21*1.01249086924762 -> 677.3747 | S21: PDV | T21: ANDROID | U21: 15.6 | V21: 11.6 | W21: SIM | X21: 2 | Y21: 32
A22: 931FL103100L33 | B22: CX REG ANTARES AND 11 15.6"+11.6" RK3568 4/32GB IMP TER 80MM | C22: 8470.50.10 | D22: Não | E22: 3 anos | F22: 0.15 | G22: =IF(D22="Sim",0.12,0.04) -> 0.04 | L22: 790.02439 | M22: =L22*1.23 -> 971.73 | N22: =L22*1.2 -> 948.02927 | O22: =L22*1.17 -> 924.32854 | P22: =(O22+L22)/2 -> 857.17646 | Q22: =L22*1.01249086924762 -> 799.89248 | S22: PDV | T22: ANDROID | U22: 15.6 | V22: 11.6 | W22: SIM | X22: 2 | Y22: 32
A23: 921LB662600733 | B23: CX REG SIRIUS PC 15.6" 8XUSB N97 8/128GB | C23: 8470.50.10 | D23: Não | E23: 3 anos | F23: 0.15 | G23: =IF(D23="Sim",0.12,0.04) -> 0.04 | L23: 894.07632 | M23: =L23*1.23 -> 1099.7139 | N23: =L23*1.2 -> 1072.8916 | O23: =L23*1.17 -> 1046.0693 | P23: =(O23+L23)/2 -> 970.0728 | Q23: =L23*1.01249086924762 -> 905.24411 | S23: PDV | T23: N97 | U23: 15.6 | V23: N/A | W23: N/A | X23: 8 | Y23: 128
A24: 935RE010100L33 | B24: ORION 21.5" AIO-2150 J6412 8/128GB BRA | C24: 8471.49.00 | D24: Não | E24: 1 ano | F24: 0.15 | G24: =IF(D24="Sim",0.12,0.04) -> 0.04 | L24: 826.78638 | M24: =L24*1.23 -> 1016.9473 | N24: =L24*1.2 -> 992.14366 | O24: =L24*1.17 -> 967.34007 | P24: =(O24+L24)/2 -> 897.06322 | Q24: =L24*1.01249086924762 -> 837.11366 | S24: PDV | T24: J6412 | U24: 21.5 | V24: N/A | W24: N/A | X24: 8 | Y24: 128
A25: 935RE010200L33 | B25: ORION 23.8" AIO-2380 J6412 8/128GB BRA | C25: 8471.49.00 | D25: Não | E25: 1 ano | F25: 0.15 | G25: =IF(D25="Sim",0.12,0.04) -> 0.04 | L25: 890.04523 | M25: =L25*1.23 -> 1094.7556 | N25: =L25*1.2 -> 1068.0543 | O25: =L25*1.17 -> 1041.3529 | P25: =(O25+L25)/2 -> 965.69908 | Q25: =L25*1.01249086924762 -> 901.16267 | S25: PDV | T25: J6412 | U25: 23.8 | V25: N/A | W25: N/A | X25: 8 | Y25: 128
A26: 935RE010300L33 | B26: ORION 27" AIO-2700 J6412 8/128GB BRA | C26: 8471.49.00 | D26: Não | E26: 1 ano | F26: 0.15 | G26: =IF(D26="Sim",0.12,0.04) -> 0.04 | L26: 923.37517 | M26: =L26*1.23 -> 1135.7515 | N26: =L26*1.2 -> 1108.0502 | O26: =L26*1.17 -> 1080.3489 | P26: =(O26+L26)/2 -> 1001.8621 | Q26: =L26*1.01249086924762 -> 934.90892 | S26: PDV | T26: J6412 | U26: 27 | V26: N/A | W26: N/A | X26: 8 | Y26: 128
A27: 935RE010400L33 | B27: ORION 21.5" AIO-2150 I5 12TH 8/128GB BRA | C27: 8471.49.00 | D27: Não | E27: 1 ano | F27: 0.15 | G27: =IF(D27="Sim",0.12,0.04) -> 0.04 | L27: 1135.9385 | M27: =L27*1.23 -> 1397.2044 | N27: =L27*1.2 -> 1363.1262 | O27: =L27*1.17 -> 1329.0481 | P27: =(O27+L27)/2 -> 1232.4933 | Q27: =L27*1.01249086924762 -> 1150.1274 | S27: PDV | T27: I5 | U27: 21.5 | V27: N/A | W27: N/A | X27: 8 | Y27: 128
A28: 935RE010500L33 | B28: ORION 23.8" AIO-2380 I5 12TH 8/128GB BRA | C28: 8471.49.00 | D28: Não | E28: 1 ano | F28: 0.15 | G28: =IF(D28="Sim",0.12,0.04) -> 0.04 | L28: 1197.837 | M28: =L28*1.23 -> 1473.3395 | N28: =L28*1.2 -> 1437.4043 | O28: =L28*1.17 -> 1401.4692 | P28: =(O28+L28)/2 -> 1299.6531 | Q28: =L28*1.01249086924762 -> 1212.799 | S28: PDV | T28: I5 | U28: 23.8 | V28: N/A | W28: N/A | X28: 8 | Y28: 128
A29: 935RE010600L33 | B29: ORION 27" AIO-2700 I5 12TH 8/128GB BRA | C29: 8471.49.00 | D29: Não | E29: 1 ano | F29: 0.15 | G29: =IF(D29="Sim",0.12,0.04) -> 0.04 | L29: 1233.2075 | M29: =L29*1.23 -> 1516.8452 | N29: =L29*1.2 -> 1479.849 | O29: =L29*1.17 -> 1442.8528 | P29: =(O29+L29)/2 -> 1338.0301 | Q29: =L29*1.01249086924762 -> 1248.6113 | S29: PDV | T29: I5 | U29: 27 | V29: N/A | W29: N/A | X29: 8 | Y29: 128
B30: LICENÇA WIN IOT X PCPOS (CELERON) | C30: #N/A | G30: =IF(D30="Sim",0.12,0.04) -> 0.04 | L30: 104.82927 | M30: =L30*1.23 -> 128.94 | N30: =L30*1.2 -> 125.79512 | O30: =L30*1.17 -> 122.65024 | P30: =(O30+L30)/2 -> 113.73976 | Q30: =L30*1.01249086924762 -> 106.13868 | S30: PDV | T30: #N/A | U30: #N/A | V30: #N/A | W30: #N/A | X30: #N/A | Y30: #N/A
B31: Windows 11 PRO COEM (FQC-10520) (I3 - I5) | C31: #N/A | G31: =IF(D31="Sim",0.12,0.04) -> 0.04 | L31: 123.8374 | M31: =L31*1.23 -> 152.32 | N31: =L31*1.2 -> 148.60488 | O31: =L31*1.17 -> 144.88976 | P31: =(O31+L31)/2 -> 134.36358 | Q31: =L31*1.01249086924762 -> 125.38424 | S31: PDV | T31: #N/A | U31: #N/A | V31: #N/A | W31: #N/A | X31: #N/A | Y31: #N/A
A32: 911MX010400733 | B32: IMP TERM P3L 80MM USB ETH RS232 BRA | C32: 8443.32.99 | D32: Não | E32: 3 anos | F32: 0.15 | G32: =IF(D32="Sim",0.12,0.04) -> 0.04 | L32: 67.504065 | M32: =L32*1.23 -> 83.03 | N32: =L32*1.2 -> 81.004878 | O32: =L32*1.17 -> 78.979756 | P32: =(O32+L32)/2 -> 73.241911 | Q32: =L32*1.01249086924762 -> 68.347249 | S32: IMPRESSORA DESKTOP | T32: N/A | U32: N/A | V32: N/A | W32: N/A | X32: N/A | Y32: N/A
A33: 911MK010200233 | B33: IMP TERM ETQ D4 102 PRETA USB BRA | C33: 8443.32.99 | D33: Não | E33: 1 ano | F33: 0.15 | G33: =IF(D33="Sim",0.12,0.04) -> 0.04 | L33: 171.10334 | M33: =L33*1.23 -> 210.4571 | N33: =L33*1.2 -> 205.324 | O33: =L33*1.17 -> 200.1909 | P33: =(O33+L33)/2 -> 185.64712 | Q33: =L33*1.01249086924762 -> 173.24057 | S33: IMPRESSORA DESKTOP | T33: N/A | U33: N/A | V33: N/A | W33: N/A | X33: N/A | Y33: N/A
A34: 911LB640200J33 | B34: IMP TERM DE ETQ CB425-LP USB+ETH | C34: 8443.32.99 | D34: Não | E34: 1 ano | F34: 0.15 | G34: =IF(D34="Sim",0.12,0.04) -> 0.04 | L34: 151.64175 | M34: =L34*1.23 -> 186.51935 | N34: =L34*1.2 -> 181.9701 | O34: =L34*1.17 -> 177.42085 | P34: =(O34+L34)/2 -> 164.5313 | Q34: =L34*1.01249086924762 -> 153.53589 | S34: IMPRESSORA DESKTOP | T34: N/A | U34: N/A | V34: N/A | W34: N/A | X34: N/A | Y34: N/A
A35: 995ED040700333 | B35: LEITOR CODIGO BARRAS 2D SR500NM USB STND | C35: 8471.90.12 | D35: Não | E35: 3 anos | F35: 0.0975 | G35: =IF(D35="Sim",0.12,0.04) -> 0.04 | L35: 136.95427 | M35: =L35*1.23 -> 168.45375 | N35: =L35*1.2 -> 164.34512 | O35: =L35*1.17 -> 160.23649 | P35: =(O35+L35)/2 -> 148.59538 | Q35: =L35*1.01249086924762 -> 138.66494 | S35: LEITOR DESKTOP | T35: N/A | U35: N/A | V35: N/A | W35: N/A | X35: N/A | Y35: N/A
A36: 995ED040800333 | B36: LEITOR CODIGO BARRAS 2D SM600U USB BRA | C36: 8471.90.12 | D36: Não | E36: 3 anos | F36: 0.0975 | G36: =IF(D36="Sim",0.12,0.04) -> 0.04 | L36: 67.901695 | M36: =L36*1.23 -> 83.519085 | N36: =L36*1.2 -> 81.482034 | O36: =L36*1.17 -> 79.444983 | P36: =(O36+L36)/2 -> 73.673339 | Q36: =L36*1.01249086924762 -> 68.749846 | S36: LEITOR DESKTOP | T36: N/A | U36: N/A | V36: N/A | W36: N/A | X36: N/A | Y36: N/A
A37: 992ED040700233 | B37: LEITOR DE CODIGO DE BARRAS CBR2D-V USB | C37: 8471.90.12 | D37: Não | E37: 3 anos | F37: 0.0975 | G37: =IF(D37="Sim",0.12,0.04) -> 0.04 | L37: 119.06505 | M37: =L37*1.23 -> 146.45001 | N37: =L37*1.2 -> 142.87806 | O37: =L37*1.17 -> 139.3061 | P37: =(O37+L37)/2 -> 129.18558 | Q37: =L37*1.01249086924762 -> 120.55227 | S37: LEITOR DESKTOP | T37: N/A | U37: N/A | V37: N/A | W37: N/A | X37: N/A | Y37: N/A
A38: 995ED049900300 | B38: LEITOR DE CODIGO DE BARRAS CBR2D-V USB/SERIAL | C38: 8471.90.12 | D38: Não | E38: 3 anos | F38: 0.0975 | G38: =IF(D38="Sim",0.12,0.04) -> 0.04 | L38: 132.07762 | M38: =L38*1.23 -> 162.45547 | N38: =L38*1.2 -> 158.49314 | O38: =L38*1.17 -> 154.53082 | P38: =(O38+L38)/2 -> 143.30422 | Q38: =L38*1.01249086924762 -> 133.72738 | S38: LEITOR DESKTOP | T38: N/A | U38: N/A | V38: N/A | W38: N/A | X38: N/A | Y38: N/A
A39: 992ED040500233 | B39: LEITOR DE CODIGO DE BARRAS CBR2D-P COM PEDESTAL USB | C39: 8471.90.12 | D39: Não | E39: 3 anos | F39: 0.0975 | G39: =IF(D39="Sim",0.12,0.04) -> 0.04 | L39: 47.758913 | M39: =L39*1.23 -> 58.743463 | N39: =L39*1.2 -> 57.310696 | O39: =L39*1.17 -> 55.877928 | P39: =(O39+L39)/2 -> 51.818421 | Q39: =L39*1.01249086924762 -> 48.355463 | S39: LEITOR DESKTOP | T39: N/A | U39: N/A | V39: N/A | W39: N/A | X39: N/A | Y39: N/A
A40: 915DX012000300 | B40: VKP80III IMPRESSORA TERMICA RX65 USB RS232 REAR+HOLDER+ACES BRA(NOVA) | C40: 8443.32.99 | D40: Sim | E40: 1 ano | F40: 0.15 | G40: =IF(D40="Sim",0.12,0.04) -> 0.12 | L40: 276.28738 | M40: =L40*1.23 -> 339.83348 | N40: =L40*1.2 -> 331.54485 | O40: =L40*1.17 -> 323.25623 | P40: =(O40+L40)/2 -> 299.77181 | Q40: =L40*1.01249086924762 -> 279.73845 | S40: IMPRESSORA OPEN FRAME | T40: N/A | U40: N/A | V40: N/A | W40: N/A | X40: N/A | Y40: N/A
A41: 915DX010200J00 | B41: IMP TERM VKP80III ETH CB ETH/U LAT BR | C41: 8443.32.99 | D41: Sim | E41: 1 ano | F41: 0.15 | G41: =IF(D41="Sim",0.12,0.04) -> 0.12 | L41: 726.17073 | M41: =L41*1.23 -> 893.19 | N41: =L41*1.2 -> 871.40488 | O41: =L41*1.17 -> 849.61976 | P41: =(O41+L41)/2 -> 787.89524 | Q41: =L41*1.01249086924762 -> 735.24124 | S41: IMPRESSORA OPEN FRAME | T41: N/A | U41: N/A | V41: N/A | W41: N/A | X41: N/A | Y41: N/A
A42: 915CH020300300 | B42: TG 2480H (3) IMP TERM USB FONTE CABO AC/SERIAL BRA | C42: 8443.32.99 | D42: Sim | E42: 1 ano | F42: 0.15 | G42: =IF(D42="Sim",0.12,0.04) -> 0.12 | L42: 212.5982 | M42: =L42*1.23 -> 261.49578 | N42: =L42*1.2 -> 255.11783 | O42: =L42*1.17 -> 248.73989 | P42: =(O42+L42)/2 -> 230.66904 | Q42: =L42*1.01249086924762 -> 215.25373 | S42: IMPRESSORA OPEN FRAME | T42: N/A | U42: N/A | V42: N/A | W42: N/A | X42: N/A | Y42: N/A
A43: 915LC011600300 | B43: K80 IMP TERM USB FONTE CABO AC/SERIAL BRA | C43: 8443.32.99 | D43: Sim | E43: 1 ano | F43: 0.15 | G43: =IF(D43="Sim",0.12,0.04) -> 0.12 | L43: 178.52903 | M43: =L43*1.23 -> 219.59071 | N43: =L43*1.2 -> 214.23484 | O43: =L43*1.17 -> 208.87897 | P43: =(O43+L43)/2 -> 193.704 | Q43: =L43*1.01249086924762 -> 180.75901 | S43: IMPRESSORA OPEN FRAME | T43: N/A | U43: N/A | V43: N/A | W43: N/A | X43: N/A | Y43: N/A
... A50: 915AF010900133 | B50: IMP IMPAC FH190 40COL RS232 RTCK 9-40 BRA | C50: 8443.32.23 | D50: Não | E50: 1 ano | F50: 0.15 | G50: =IF(D50="Sim",0.12,0.04) -> 0.04 | L50: 290.22783 | M50: =L50*1.23 -> 356.98023 | N50: =L50*1.2 -> 348.2734 | O50: =L50*1.17 -> 339.56656 | P50: =(O50+L50)/2 -> 314.8972 | Q50: =L50*1.01249086924762 -> 293.85303 | S50: IMPRESSORA OPEN FRAME | T50: N/A | U50: N/A | V50: N/A | W50: N/A | X50: N/A | Y50: N/A
A51: 974CW010000315 | B51: ADAPTADOR PLASTICO PARA IMP TER PLUS2 112X112 MM | C51: #N/A | D51: Não | E51: 1 ano | F51: 0.15 | G51: =IF(D51="Sim",0.12,0.04) -> 0.04 | L51: 14.84296 | M51: =L51*1.23 -> 18.256841 | N51: =L51*1.2 -> 17.811552 | O51: =L51*1.17 -> 17.366263 | P51: =(O51+L51)/2 -> 16.104612 | Q51: =L51*1.01249086924762 -> 15.028362 | S51: IMPRESSORA OPEN FRAME | T51: N/A | U51: N/A | V51: N/A | W51: N/A | X51: N/A | Y51: N/A
A52: 915NB010300333 | B52: IMP TERM PM2 4-7.5V C KIT CABOS BRA | C52: 8443.32.99 | D52: Não | E52: 1 ano | F52: 0.15 | G52: =IF(D52="Sim",0.12,0.04) -> 0.04 | L52: 119.40802 | M52: =L52*1.23 -> 146.87187 | N52: =L52*1.2 -> 143.28963 | O52: =L52*1.17 -> 139.70739 | P52: =(O52+L52)/2 -> 129.5577 | Q52: =L52*1.01249086924762 -> 120.89953 | S52: IMPRESSORA OPEN FRAME | T52: N/A | U52: N/A | V52: N/A | W52: N/A | X52: N/A | Y52: N/A
A53: 915NB020200333 | B53: IMP TERM PM2 MINI 4-8V C KIT CABOS RS232 BRA | C53: 8443.32.99 | D53: Não | E53: 1 ano | F53: 0.15 | G53: =IF(D53="Sim",0.12,0.04) -> 0.04 | L53: 114.43269 | M53: =L53*1.23 -> 140.75221 | N53: =L53*1.2 -> 137.31923 | O53: =L53*1.17 -> 133.88624 | P53: =(O53+L53)/2 -> 124.15947 | Q53: =L53*1.01249086924762 -> 115.86205 | S53: IMPRESSORA OPEN FRAME | T53: N/A | U53: N/A | V53: N/A | W53: N/A | X53: N/A | Y53: N/A
A54: 9C3FH010000002 | B54: LEITOR COD BARRAS 2D USB KBR2D-C CASE | C54: 8471.90.12 | D54: Não | E54: 1 ano | F54: 0.0975 | G54: =IF(D54="Sim",0.12,0.04) -> 0.04 | L54: 65.41887 | M54: =L54*1.23 -> 80.46521 | N54: =L54*1.2 -> 78.502644 | O54: =L54*1.17 -> 76.540077 | P54: =(O54+L54)/2 -> 70.979474 | Q54: =L54*1.01249086924762 -> 66.236008 | S54: LEITOR OPEN FRAME | T54: N/A | U54: N/A | V54: N/A | W54: N/A | X54: N/A | Y54: N/A
A55: 9C1FH016800010 | B55: LEITOR DE CODIGO DE BARRAS CBR2D-C USB | C55: 8471.90.12 | D55: Não | E55: 1 ano | F55: 0.0975 | G55: =IF(D55="Sim",0.12,0.04) -> 0.04 | L55: 45.765073 | M55: =L55*1.23 -> 56.29104 | N55: =L55*1.2 -> 54.918087 | O55: =L55*1.17 -> 53.545135 | P55: =(O55+L55)/2 -> 49.655104 | Q55: =L55*1.01249086924762 -> 46.336718 | S55: LEITOR OPEN FRAME | T55: N/A | U55: N/A | V55: N/A | W55: N/A | X55: N/A | Y55: N/A
A56: 9C1FH016800020 | B56: LEITOR DE CODIGO DE BARRAS CBR2D-C USB/SERIAL | C56: 8471.90.12 | D56: Não | E56: 1 ano | F56: 0.0975 | G56: =IF(D56="Sim",0.12,0.04) -> 0.04 | L56: 59.397222 | M56: =L56*1.23 -> 73.058583 | N56: =L56*1.2 -> 71.276667 | O56: =L56*1.17 -> 69.49475 | P56: =(O56+L56)/2 -> 64.445986 | Q56: =L56*1.01249086924762 -> 60.139145 | S56: LEITOR OPEN FRAME | T56: N/A | U56: N/A | V56: N/A | W56: N/A | X56: N/A | Y56: N/A
A57: 992ED040600233 | B57: LEITOR DE CODIGO DE BARRAS CBR2D-T USB | C57: 8471.90.12 | D57: Não | E57: 1 ano | F57: 0.0975 | G57: =IF(D57="Sim",0.12,0.04) -> 0.04 | L57: 120.74189 | M57: =L57*1.23 -> 148.51253 | N57: =L57*1.2 -> 144.89027 | O57: =L57*1.17 -> 141.26802 | P57: =(O57+L57)/2 -> 131.00496 | Q57: =L57*1.01249086924762 -> 122.25007 | S57: LEITOR OPEN FRAME | T57: N/A | U57: N/A | V57: N/A | W57: N/A | X57: N/A | Y57: N/A
A58: 26500000000172 | B58: CABO SERIAL DB9/RJ45 PARA LEITOR CBR2D-T 2M | C58: #N/A | D58: Não | E58: N/A | F58: 0.0975 | G58: =IF(D58="Sim",0.12,0.04) -> 0.04 | L58: 7.7011522 | M58: =L58*1.23 -> 9.4724172 | N58: =L58*1.2 -> 9.2413826 | O58: =L58*1.17 -> 9.0103481 | P58: =(O58+L58)/2 -> 8.3557501 | Q58: =L58*1.01249086924762 -> 7.7973463 | S58: LEITOR OPEN FRAME | T58: N/A | U58: N/A | V58: N/A | W58: N/A | X58: N/A | Y58: N/A
A59: 976ZZ010000347 | B59: CABO SERIAL DB9/RJ45 PARA LEITOR CBR2D-V 2M | C59: #N/A | D59: Não | E59: N/A | F59: 0.0975 | G59: =IF(D59="Sim",0.12,0.04) -> 0.04 | L59: 8.4538085 | M59: =L59*1.23 -> 10.398184 | N59: =L59*1.2 -> 10.14457 | O59: =L59*1.17 -> 9.8909559 | P59: =(O59+L59)/2 -> 9.1723822 | Q59: =L59*1.01249086924762 -> 8.5594039 | S59: LEITOR OPEN FRAME | T59: N/A | U59: N/A | V59: N/A | W59: N/A | X59: N/A | Y59: N/A
A60: 932AD180100M33 | B60: CTM-0700 OF MONITOR DE VIDEO 7" PCAP HDMI/VGA | C60: 8528.52.00 | D60: Sim | E60: 1 ano | F60: 0.15 | G60: =IF(D60="Sim",0.12,0.04) -> 0.12 | L60: 186.29011 | M60: =L60*1.23 -> 229.13684 | N60: =L60*1.2 -> 223.54813 | O60: =L60*1.17 -> 217.95943 | P60: =(O60+L60)/2 -> 202.12477 | Q60: =L60*1.01249086924762 -> 188.61704 | S60: MONITOR OPEN FRAME | T60: N/A | U60: 7 | V60: N/A | W60: N/A | X60: N/A | Y60: N/A
A61: 932AD180200M33 | B61: CTM-0700 OF MONITOR DE VIDEO 7" SEM TOUCH/PEDESTAL + LOGO | C61: 8528.52.00 | D61: Sim | E61: 1 ano | F61: 0.15 | G61: =IF(D61="Sim",0.12,0.04) -> 0.12 | L61: 129.4895 | M61: =L61*1.23 -> 159.27209 | N61: =L61*1.2 -> 155.3874 | O61: =L61*1.17 -> 151.50272 | P61: =(O61+L61)/2 -> 140.49611 | Q61: =L61*1.01249086924762 -> 131.10694 | S61: MONITOR OPEN FRAME | T61: N/A | U61: 7 | V61: N/A | W61: N/A | X61: N/A | Y61: N/A
A62: 932AD150100M33 | B62: CTM-1010 OF MONITOR DE VIDEO 10.1" COM TOUCH PCAP | C62: 8528.52.00 | D62: Sim | E62: 1 ano | F62: 0.15 | G62: =IF(D62="Sim",0.12,0.04) -> 0.12 | L62: 200.73171 | M62: =L62*1.23 -> 246.9 | N62: =L62*1.2 -> 240.87805 | O62: =L62*1.17 -> 234.8561 | P62: =(O62+L62)/2 -> 217.7939 | Q62: =L62*1.01249086924762 -> 203.23902 | S62: MONITOR OPEN FRAME | T62: N/A | U62: 10.1 | V62: N/A | W62: N/A | X62: N/A | Y62: N/A
A63: 932AD150900M33 | B63: CTM-1010 OF MONITOR DE VIDEO 10.1" SEM TOUCH/PEDESTAL + LOGO | C63: 8528.52.00 | D63: Sim | E63: 1 ano | F63: 0.15 | G63: =IF(D63="Sim",0.12,0.04) -> 0.12 | L63: 160.52033 | M63: =L63*1.23 -> 197.44 | N63: =L63*1.2 -> 192.62439 | O63: =L63*1.17 -> 187.80878 | P63: =(O63+L63)/2 -> 174.16455 | Q63: =L63*1.01249086924762 -> 162.52536 | S63: MONITOR OPEN FRAME | T63: N/A | U63: 10.1 | V63: N/A | W63: N/A | X63: N/A | Y63: N/A
A64: 932AD151100M33 | B64: CTM-1010 OF MONITOR DE VIDEO 10.1" HB NO TOUCH/LOGO/PEDESTAL | C64: 8528.52.00 | D64: Sim | E64: 1 ano | F64: 0.15 | G64: =IF(D64="Sim",0.12,0.04) -> 0.12 | L64: 217.78049 | M64: =L64*1.23 -> 267.87 | N64: =L64*1.2 -> 261.33659 | O64: =L64*1.17 -> 254.80317 | P64: =(O64+L64)/2 -> 236.29183 | Q64: =L64*1.01249086924762 -> 220.50076 | S64: MONITOR OPEN FRAME | T64: N/A | U64: 10.1 | V64: N/A | W64: N/A | X64: N/A | Y64: N/A
A65: 932AD060600M33 | B65: CTM-1500 OF MONITOR DE VIDEO 15" COM TOUCH PCAP | C65: 8528.52.00 | D65: Sim | E65: 1 ano | F65: 0.15 | G65: =IF(D65="Sim",0.12,0.04) -> 0.12 | L65: 280.92683 | M65: =L65*1.23 -> 345.54 | N65: =L65*1.2 -> 337.1122 | O65: =L65*1.17 -> 328.68439 | P65: =(O65+L65)/2 -> 304.80561 | Q65: =L65*1.01249086924762 -> 284.43585 | S65: MONITOR OPEN FRAME | T65: N/A | U65: 15 | V65: N/A | W65: N/A | X65: N/A | Y65: N/A
A66: 932AD160600M33 | B66: CTM-1560 OF MONITOR DE VIDEO 15.6" COM TOUCH PCAP | C66: 8528.52.00 | D66: Sim | E66: 1 ano | F66: 0.15 | G66: =IF(D66="Sim",0.12,0.04) -> 0.12 | L66: 326.55285 | M66: =L66*1.23 -> 401.66 | N66: =L66*1.2 -> 391.86341 | O66: =L66*1.17 -> 382.06683 | P66: =(O66+L66)/2 -> 354.30984 | Q66: =L66*1.01249086924762 -> 330.63177 | S66: MONITOR OPEN FRAME | T66: N/A | U66: 15.6 | V66: N/A | W66: N/A | X66: N/A | Y66: N/A
A67: 932AD072700M33 | B67: CTM-1700 OF MONITOR DE VIDEO 17" COM TOUCH PCAP | C67: 8528.52.00 | D67: Sim | E67: 1 ano | F67: 0.15 | G67: =IF(D67="Sim",0.12,0.04) -> 0.12 | L67: 381.35772 | M67: =L67*1.23 -> 469.07 | N67: =L67*1.2 -> 457.62927 | O67: =L67*1.17 -> 446.18854 | P67: =(O67+L67)/2 -> 413.77313 | Q67: =L67*1.01249086924762 -> 386.12121 | S67: MONITOR OPEN FRAME | T67: N/A | U67: 17 | V67: N/A | W67: N/A | X67: N/A | Y67: N/A
A68: 932AD170300M33 | B68: CTM-1850 OF MONITOR DE VIDEO 18.5" COM TOUCH PCAP | C68: 8528.52.00 | D68: Sim | E68: 1 ano | F68: 0.15 | G68: =IF(D68="Sim",0.12,0.04) -> 0.12 | L68: 384.25203 | M68: =L68*1.23 -> 472.63 | N68: =L68*1.2 -> 461.10244 | O68: =L68*1.17 -> 449.57488 | P68: =(O68+L68)/2 -> 416.91346 | Q68: =L68*1.01249086924762 -> 389.05167 | S68: MONITOR OPEN FRAME | T68: N/A | U68: 18.5 | V68: N/A | W68: N/A | X68: N/A | Y68: N/A
A69: 932AD130900L00 | B69: CTM-2150 OF MONITOR DE VIDEO 21.5" COM TOUCH PCAP | C69: 8528.52.00 | D69: Sim | E69: 1 ano | F69: 0.15 | G69: =IF(D69="Sim",0.12,0.04) -> 0.12 | L69: 408.60163 | M69: =L69*1.23 -> 502.58 | N69: =L69*1.2 -> 490.32195 | O69: =L69*1.17 -> 478.0639 | P69: =(O69+L69)/2 -> 443.33276 | Q69: =L69*1.01249086924762 -> 413.70542 | S69: MONITOR OPEN FRAME | T69: N/A | U69: 21.5 | V69: N/A | W69: N/A | X69: N/A | Y69: N/A
A70: 932AD190300L00 | B70: CTM-2380 OF MONITOR DE VIDEO 23.8" COM TOUCH PCAP | C70: 8528.52.00 | D70: Sim | E70: 1 ano | F70: 0.15 | G70: =IF(D70="Sim",0.12,0.04) -> 0.12 | L70: 441.73171 | M70: =L70*1.23 -> 543.33 | N70: =L70*1.2 -> 530.07805 | O70: =L70*1.17 -> 516.8261 | P70: =(O70+L70)/2 -> 479.2789 | Q70: =L70*1.01249086924762 -> 447.24932 | S70: MONITOR OPEN FRAME | T70: N/A | U70: 23.8 | V70: N/A | W70: N/A | X70: N/A | Y70: N/A
A71: 932AD200300M33 | B71: CTM-2700 OF MONITOR DE VIDEO 27" COM TOUCH PCAP | C71: 8528.52.00 | D71: Sim | E71: 1 ano | F71: 0.15 | G71: =IF(D71="Sim",0.12,0.04) -> 0.12 | L71: 534.74797 | M71: =L71*1.23 -> 657.74 | N71: =L71*1.2 -> 641.69756 | O71: =L71*1.17 -> 625.65512 | P71: =(O71+L71)/2 -> 580.20154 | Q71: =L71*1.01249086924762 -> 541.42743 | S71: MONITOR OPEN FRAME | T71: N/A | U71: 27 | V71: N/A | W71: N/A | X71: N/A | Y71: N/A
... A77: 932AD160900M33 | B77: CTM-1560 OF MONITOR DE VIDEO 15.6" COM TOUCH PCAP + PEDESTAL | C77: 8528.52.00 | D77: Sim | E77: 1 ano | F77: 0.15 | G77: =IF(D77="Sim",0.12,0.04) -> 0.12 | L77: 344.01626 | M77: =L77*1.23 -> 423.14 | N77: =L77*1.2 -> 412.81951 | O77: =L77*1.17 -> 402.49902 | P77: =(O77+L77)/2 -> 373.25764 | Q77: =L77*1.01249086924762 -> 348.31332 | S77: MONITOR OPEN FRAME | T77: N/A | U77: 15.6 | V77: N/A | W77: N/A | X77: N/A | Y77: N/A
B78: CTM-1700 OF MONITOR DE VIDEO 17" COM TOUCH PCAP + PEDESTAL | C78: 8528.52.00 | D78: Sim | E78: 1 ano | F78: 0.15 | G78: =IF(D78="Sim",0.12,0.04) -> 0.12 | L78: 421.89431 | M78: =L78*1.23 -> 518.93 | N78: =L78*1.2 -> 506.27317 | O78: =L78*1.17 -> 493.61634 | P78: =(O78+L78)/2 -> 457.75533 | Q78: =L78*1.01249086924762 -> 427.16414 | S78: MONITOR OPEN FRAME | T78: N/A | U78: 17 | V78: N/A | W78: N/A | X78: N/A | Y78: N/A
A79: 932AD170500M33 | B79: CTM-1850 OF MONITOR DE VIDEO 18.5" COM TOUCH PCAP + PEDESTAL | C79: 8528.52.00 | D79: Sim | E79: 1 ano | F79: 0.15 | G79: =IF(D79="Sim",0.12,0.04) -> 0.12 | L79: 428.18699 | M79: =L79*1.23 -> 526.67 | N79: =L79*1.2 -> 513.82439 | O79: =L79*1.17 -> 500.97878 | P79: =(O79+L79)/2 -> 464.58289 | Q79: =L79*1.01249086924762 -> 433.53542 | S79: MONITOR OPEN FRAME | T79: N/A | U79: 18.5 | V79: N/A | W79: N/A | X79: N/A | Y79: N/A
A80: 974AD030000001 | B80: PEDESTAL ARTICULADO PARA MONITOR 7" e 10.1" LITE | C80: 8529.90.20 | D80: Sim | E80: N/A | F80: 0.1 | G80: =IF(D80="Sim",0.12,0.04) -> 0.12 | L80: 44.45328 | M80: =L80*1.23 -> 54.677534 | N80: =L80*1.2 -> 53.343936 | O80: =L80*1.17 -> 52.010337 | P80: =(O80+L80)/2 -> 48.231809 | Q80: =L80*1.01249086924762 -> 45.00854 | S80: PEDESTAL | T80: N/A | U80: N/A | V80: N/A | W80: N/A | X80: N/A | Y80: N/A
A81: 974AD060000002 | B81: PEDESTAL ARTICULADO PARA MONITOR CTM DE 15" A 18.5" | C81: 8529.90.20 | D81: Sim | E81: N/A | F81: 0.1 | G81: =IF(D81="Sim",0.12,0.04) -> 0.12 | L81: 59.694404 | M81: =L81*1.23 -> 73.424117 | N81: =L81*1.2 -> 71.633285 | O81: =L81*1.17 -> 69.842453 | P81: =(O81+L81)/2 -> 64.768429 | Q81: =L81*1.01249086924762 -> 60.440039 | S81: PEDESTAL | T81: N/A | U81: N/A | V81: N/A | W81: N/A | X81: N/A | Y81: N/A

Sheet 2026
A1: PN | B1: DESCRIÇÃO | C1: NCM | D1: PPB | E1: GARANTIA | F1: IPI | G1: ICMS | H1: ESTADO DESTINO | I1: NATUREZA OPERAÇÃO | J1: IE? | K1: IMPOSTO | L1: DISTRI | M1: 1 - 5 | N1: 6 - 10 | O1: 10+ | P1: ESPECIAL | Q1: SHOWROOM | R1: Tem na 2025? | S1: Categoria | T1: Processador | U1: Tela Principal | V1: Tela Secundária | W1: Touch 2a Tela | X1: RAM | Y1: SSD
A2: 932AD150300M33 | B2: MON LCD LITE 10.1 VGA/HDMI LOGO CBR BRA | C2: 8528.52.00 | D2: Não | E2: 1 ano | F2: 0.15 | G2: =IF(Table1[[#This Row],[PPB]]="Sim",0.12,0.04) -> 0.04 | K2: {=IF(AND(Table1[[#This Row],[NATUREZA OPERAÇÃO]]="REVENDA",Table1[[#This Row],[IE?]]="SIM"),INDEX(IMPOSTOS!E:E,MATCH(1,(IMPOSTOS!B:B=Table1[[#This Row],[NCM]])*(IMPOSTOS!C:C=Table1[[#This Row],[ESTADO DESTINO]])*(IMPOSTOS!D:D=Table1[[#This Row],[ICMS]]),0)),IF(AND(Table1[[#This Row],[NATUREZA OPERAÇÃO]]="CONSUMO",Table1[[#This Row],[IE?]]="SIM"),INDEX(IMPOSTOS!F:F,MATCH(1,(IMPOSTOS!B:B=Table1[[#This Row],[NCM]])*(IMPOSTOS!C:C=Table1[[#This Row],[ESTADO DESTINO]])*(IMPOSTOS!D:D=Table1[[#This Row],[ICMS]]),0)),IF(AND(Table1[[#This Row],[NATUREZA OPERAÇÃO]]="CONSUMO",Table1[[#This Row],[IE?]]="NÃO"),INDEX(IMPOSTOS!G:G,MATCH(1,(IMPOSTOS!B:B=Table1[[#This Row],[NCM]])*(IMPOSTOS!C:C=Table1[[#This Row],[ESTADO DESTINO]])*(IMPOSTOS!D:D=Table1[[#This Row],[ICMS]]),0)),"NÃO ENCONTRADO")))} -> NÃO ENCONTRADO | L2: 133.21354 | M2: =L2*1.23 -> 163.85266 | N2: =L2*1.2 -> 159.85625 | O2: =L2*1.17 -> 155.85985 | P2: =(L2+O2)/2 -> 144.5367 | Q2: =L2*1.01249086924762 -> 134.8775 | R2: =IFERROR(_xlfn.XLOOKUP(A2,'2025 NOV'!A:A,'2025 NOV'!L:L),"NÃO TEM NA LISTA 2025") -> NÃO TEM NA LISTA 2025 | S2: MONITOR LITE | T2: N/A | U2: 10.1 | V2: N/A | W2: N/A | X2: N/A | Y2: N/A
A3: 932AD150700M33 | B3: MON LCD PCAP LITE 10.1 VGA/HDMI LOGO CBR BRA | C3: 8528.52.00 | D3: Não | E3: 1 ano | F3: 0.15 | G3: =IF(Table1[[#This Row],[PPB]]="Sim",0.12,0.04) -> 0.04 | K3: {=IF(AND(Table1[[#This Row],[NATUREZA OPERAÇÃO]]="REVENDA",Table1[[#This Row],[IE?]]="SIM"),INDEX(IMPOSTOS!E:E,MATCH(1,(IMPOSTOS!B:B=Table1[[#This Row],[NCM]])*(IMPOSTOS!C:C=Table1[[#This Row],[ESTADO DESTINO]])*(IMPOSTOS!D:D=Table1[[#This Row],[ICMS]]),0)),IF(AND(Table1[[#This Row],[NATUREZA OPERAÇÃO]]="CONSUMO",Table1[[#This Row],[IE?]]="SIM"),INDEX(IMPOSTOS!F:F,MATCH(1,(IMPOSTOS!B:B=Table1[[#This Row],[NCM]])*(IMPOSTOS!C:C=Table1[[#This Row],[ESTADO DESTINO]])*(IMPOSTOS!D:D=Table1[[#This Row],[ICMS]]),0)),IF(AND(Table1[[#This Row],[NATUREZA OPERAÇÃO]]="CONSUMO",Table1[[#This Row],[IE?]]="NÃO"),INDEX(IMPOSTOS!G:G,MATCH(1,(IMPOSTOS!B:B=Table1[[#This Row],[NCM]])*(IMPOSTOS!C:C=Table1[[#This Row],[ESTADO DESTINO]])*(IMPOSTOS!D:D=Table1[[#This Row],[ICMS]]),0)),"NÃO ENCONTRADO")))} -> NÃO ENCONTRADO | L3: 159.38049 | M3: =L3*1.23 -> 196.038 | N3: =L3*1.2 -> 191.25659 | O3: =L3*1.17 -> 186.47517 | P3: =(L3+O3)/2 -> 172.92783 | Q3: =L3*1.01249086924762 -> 161.37129 | R3: =IFERROR(_xlfn.XLOOKUP(A3,'2025 NOV'!A:A,'2025 NOV'!L:L),"NÃO TEM NA LISTA 2025") -> NÃO TEM NA LISTA 2025 | S3: MONITOR LITE | T3: N/A | U3: 10.1 | V3: N/A | W3: N/A | X3: N/A | Y3: N/A
A4: 932AD161100M33 | B4: MON LCD PCAP LITE 15.6 VGA/HDMI LOGO CBR BRA | C4: 8528.52.00 | D4: Não | E4: 1 ano | F4: 0.15 | G4: =IF(Table1[[#This Row],[PPB]]="Sim",0.12,0.04) -> 0.04 | K4: {=IF(AND(Table1[[#This Row],[NATUREZA OPERAÇÃO]]="REVENDA",Table1[[#This Row],[IE?]]="SIM"),INDEX(IMPOSTOS!E:E,MATCH(1,(IMPOSTOS!B:B=Table1[[#This Row],[NCM]])*(IMPOSTOS!C:C=Table1[[#This Row],[ESTADO DESTINO]])*(IMPOSTOS!D:D=Table1[[#This Row],[ICMS]]),0)),IF(AND(Table1[[#This Row],[NATUREZA OPERAÇÃO]]="CONSUMO",Table1[[#This Row],[IE?]]="SIM"),INDEX(IMPOSTOS!F:F,MATCH(1,(IMPOSTOS!B:B=Table1[[#This Row],[NCM]])*(IMPOSTOS!C:C=Table1[[#This Row],[ESTADO DESTINO]])*(IMPOSTOS!D:D=Table1[[#This Row],[ICMS]]),0)),IF(AND(Table1[[#This Row],[NATUREZA OPERAÇÃO]]="CONSUMO",Table1[[#This Row],[IE?]]="NÃO"),INDEX(IMPOSTOS!G:G,MATCH(1,(IMPOSTOS!B:B=Table1[[#This Row],[NCM]])*(IMPOSTOS!C:C=Table1[[#This Row],[ESTADO DESTINO]])*(IMPOSTOS!D:D=Table1[[#This Row],[ICMS]]),0)),"NÃO ENCONTRADO")))} -> NÃO ENCONTRADO | L4: 259.94688 | M4: =L4*1.23 -> 319.73466 | N4: =L4*1.2 -> 311.93625 | O4: =L4*1.17 -> 304.13785 | P4: =(L4+O4)/2 -> 282.04236 | Q4: =L4*1.01249086924762 -> 263.19384 | R4: =IFERROR(_xlfn.XLOOKUP(A4,'2025 NOV'!A:A,'2025 NOV'!L:L),"NÃO TEM NA LISTA 2025") -> 250.78785 | S4: MONITOR LITE | T4: N/A | U4: 15.6 | V4: N/A | W4: N/A | X4: N/A | Y4: N/A
A5: 921LD020700733 | B5: NPDV FUSION PC 10.1 CX REG 2TPCAP IMP ETH PR DISP.CLI BRA * | C5: 8470.50.10 | D5: Não | E5: 3 anos | F5: 0.15 | G5: =IF(Table1[[#This Row],[PPB]]="Sim",0.12,0.04) -> 0.04 | K5: {=IF(AND(Table1[[#This Row],[NATUREZA OPERAÇÃO]]="REVENDA",Table1[[#This Row],[IE?]]="SIM"),INDEX(IMPOSTOS!E:E,MATCH(1,(IMPOSTOS!B:B=Table1[[#This Row],[NCM]])*(IMPOSTOS!C:C=Table1[[#This Row],[ESTADO DESTINO]])*(IMPOSTOS!D:D=Table1[[#This Row],[ICMS]]),0)),IF(AND(Table1[[#This Row],[NATUREZA OPERAÇÃO]]="CONSUMO",Table1[[#This Row],[IE?]]="SIM"),INDEX(IMPOSTOS!F:F,MATCH(1,(IMPOSTOS!B:B=Table1[[#This Row],[NCM]])*(IMPOSTOS!C:C=Table1[[#This Row],[ESTADO DESTINO]])*(IMPOSTOS!D:D=Table1[[#This Row],[ICMS]]),0)),IF(AND(Table1[[#This Row],[NATUREZA OPERAÇÃO]]="CONSUMO",Table1[[#This Row],[IE?]]="NÃO"),INDEX(IMPOSTOS!G:G,MATCH(1,(IMPOSTOS!B:B=Table1[[#This Row],[NCM]])*(IMPOSTOS!C:C=Table1[[#This Row],[ESTADO DESTINO]])*(IMPOSTOS!D:D=Table1[[#This Row],[ICMS]]),0)),"NÃO ENCONTRADO")))} -> NÃO ENCONTRADO | L5: 595.33779 | M5: =L5*1.23 -> 732.26548 | N5: =L5*1.2 -> 714.40535 | O5: =L5*1.17 -> 696.54521 | P5: =(L5+O5)/2 -> 645.9415 | Q5: =L5*1.01249086924762 -> 602.77407 | R5: =IFERROR(_xlfn.XLOOKUP(A5,'2025 NOV'!A:A,'2025 NOV'!L:L),"NÃO TEM NA LISTA 2025") -> 602.77407 | S5: PDV | T5: N3060 | U5: 10.1 | V5: N/A | W5: N/A | X5: 4 | Y5: 64
A6: 921LB660500733 | B6: CX REG SIRIUS 15.6 + 15.6 J6412 8/128 GB WIN IOT BRA | C6: 8470.50.10 | D6: Não | E6: 3 anos | F6: 0.15 | G6: =IF(Table1[[#This Row],[PPB]]="Sim",0.12,0.04) -> 0.04 | K6: {=IF(AND(Table1[[#This Row],[NATUREZA OPERAÇÃO]]="REVENDA",Table1[[#This Row],[IE?]]="SIM"),INDEX(IMPOSTOS!E:E,MATCH(1,(IMPOSTOS!B:B=Table1[[#This Row],[NCM]])*(IMPOSTOS!C:C=Table1[[#This Row],[ESTADO DESTINO]])*(IMPOSTOS!D:D=Table1[[#This Row],[ICMS]]),0)),IF(AND(Table1[[#This Row],[NATUREZA OPERAÇÃO]]="CONSUMO",Table1[[#This Row],[IE?]]="SIM"),INDEX(IMPOSTOS!F:F,MATCH(1,(IMPOSTOS!B:B=Table1[[#This Row],[NCM]])*(IMPOSTOS!C:C=Table1[[#This Row],[ESTADO DESTINO]])*(IMPOSTOS!D:D=Table1[[#This Row],[ICMS]]),0)),IF(AND(Table1[[#This Row],[NATUREZA OPERAÇÃO]]="CONSUMO",Table1[[#This Row],[IE?]]="NÃO"),INDEX(IMPOSTOS!G:G,MATCH(1,(IMPOSTOS!B:B=Table1[[#This Row],[NCM]])*(IMPOSTOS!C:C=Table1[[#This Row],[ESTADO DESTINO]])*(IMPOSTOS!D:D=Table1[[#This Row],[ICMS]]),0)),"NÃO ENCONTRADO")))} -> NÃO ENCONTRADO | L6: 1002.4309 | M6: =L6*1.23 -> 1232.99 | N6: =L6*1.2 -> 1202.9171 | O6: =L6*1.17 -> 1172.8441 | P6: =(L6+O6)/2 -> 1087.6375 | Q6: =L6*1.01249086924762 -> 1014.9521 | R6: =IFERROR(_xlfn.XLOOKUP(A6,'2025 NOV'!A:A,'2025 NOV'!L:L),"NÃO TEM NA LISTA 2025") -> NÃO TEM NA LISTA 2025 | S6: PDV | T6: J6412 | U6: 15.6 | V6: 15.6 | W6: NÃO | X6: 8 | Y6: 128
A7: 921LB660700733 | B7: CX REG SIRIUS 15.6 + 15.6 PCAP J6412 8/128 GB WIN IOT BRA | C7: 8470.50.10 | D7: Não | E7: 3 anos | F7: 0.15 | G7: =IF(Table1[[#This Row],[PPB]]="Sim",0.12,0.04) -> 0.04 | K7: {=IF(AND(Table1[[#This Row],[NATUREZA OPERAÇÃO]]="REVENDA",Table1[[#This Row],[IE?]]="SIM"),INDEX(IMPOSTOS!E:E,MATCH(1,(IMPOSTOS!B:B=Table1[[#This Row],[NCM]])*(IMPOSTOS!C:C=Table1[[#This Row],[ESTADO DESTINO]])*(IMPOSTOS!D:D=Table1[[#This Row],[ICMS]]),0)),IF(AND(Table1[[#This Row],[NATUREZA OPERAÇÃO]]="CONSUMO",Table1[[#This Row],[IE?]]="SIM"),INDEX(IMPOSTOS!F:F,MATCH(1,(IMPOSTOS!B:B=Table1[[#This Row],[NCM]])*(IMPOSTOS!C:C=Table1[[#This Row],[ESTADO DESTINO]])*(IMPOSTOS!D:D=Table1[[#This Row],[ICMS]]),0)),IF(AND(Table1[[#This Row],[NATUREZA OPERAÇÃO]]="CONSUMO",Table1[[#This Row],[IE?]]="NÃO"),INDEX(IMPOSTOS!G:G,MATCH(1,(IMPOSTOS!B:B=Table1[[#This Row],[NCM]])*(IMPOSTOS!C:C=Table1[[#This Row],[ESTADO DESTINO]])*(IMPOSTOS!D:D=Table1[[#This Row],[ICMS]]),0)),"NÃO ENCONTRADO")))} -> NÃO ENCONTRADO | L7: 1014.9106 | M7: =L7*1.23 -> 1248.34 | N7: =L7*1.2 -> 1217.8927 | O7: =L7*1.17 -> 1187.4454 | P7: =(L7+O7)/2 -> 1101.178 | Q7: =L7*1.01249086924762 -> 1027.5877 | R7: =IFERROR(_xlfn.XLOOKUP(A7,'2025 NOV'!A:A,'2025 NOV'!L:L),"NÃO TEM NA LISTA 2025") -> NÃO TEM NA LISTA 2025 | S7: PDV | T7: J6412 | U7: 15.6 | V7: 15.6 | W7: SIM | X7: 8 | Y7: 128
A8: 931FL103300L33 | B8: CX REG SIRIUS PC 15.6" PCAP + 15.6" J6412 8/128GB | C8: 8470.50.10 | D8: Não | E8: 3 anos | F8: 0.15 | G8: =IF(Table1[[#This Row],[PPB]]="Sim",0.12,0.04) -> 0.04 | K8: {=IF(AND(Table1[[#This Row],[NATUREZA OPERAÇÃO]]="REVENDA",Table1[[#This Row],[IE?]]="SIM"),INDEX(IMPOSTOS!E:E,MATCH(1,(IMPOSTOS!B:B=Table1[[#This Row],[NCM]])*(IMPOSTOS!C:C=Table1[[#This Row],[ESTADO DESTINO]])*(IMPOSTOS!D:D=Table1[[#This Row],[ICMS]]),0)),IF(AND(Table1[[#This Row],[NATUREZA OPERAÇÃO]]="CONSUMO",Table1[[#This Row],[IE?]]="SIM"),INDEX(IMPOSTOS!F:F,MATCH(1,(IMPOSTOS!B:B=Table1[[#This Row],[NCM]])*(IMPOSTOS!C:C=Table1[[#This Row],[ESTADO DESTINO]])*(IMPOSTOS!D:D=Table1[[#This Row],[ICMS]]),0)),IF(AND(Table1[[#This Row],[NATUREZA OPERAÇÃO]]="CONSUMO",Table1[[#This Row],[IE?]]="NÃO"),INDEX(IMPOSTOS!G:G,MATCH(1,(IMPOSTOS!B:B=Table1[[#This Row],[NCM]])*(IMPOSTOS!C:C=Table1[[#This Row],[ESTADO DESTINO]])*(IMPOSTOS!D:D=Table1[[#This Row],[ICMS]]),0)),"NÃO ENCONTRADO")))} -> NÃO ENCONTRADO | L8: 894.54091 | M8: =L8*1.23 -> 1100.2853 | N8: =L8*1.2 -> 1073.4491 | O8: =L8*1.17 -> 1046.6129 | P8: =(L8+O8)/2 -> 970.57688 | Q8: =L8*1.01249086924762 -> 905.7145 | R8: =IFERROR(_xlfn.XLOOKUP(A8,'2025 NOV'!A:A,'2025 NOV'!L:L),"NÃO TEM NA LISTA 2025") -> NÃO TEM NA LISTA 2025 | S8: PDV | T8: J6412 | U8: 15.6 | V8: 15.6 | W8: NÃO | X8: 8 | Y8: 128
A9: 931FL104900L33 | B9: CX REG SIRIUS PC 15.6" J6412 8/128GB | C9: 8470.50.10 | D9: Não | E9: 3 anos | F9: 0.15 | G9: =IF(Table1[[#This Row],[PPB]]="Sim",0.12,0.04) -> 0.04 | K9: {=IF(AND(Table1[[#This Row],[NATUREZA OPERAÇÃO]]="REVENDA",Table1[[#This Row],[IE?]]="SIM"),INDEX(IMPOSTOS!E:E,MATCH(1,(IMPOSTOS!B:B=Table1[[#This Row],[NCM]])*(IMPOSTOS!C:C=Table1[[#This Row],[ESTADO DESTINO]])*(IMPOSTOS!D:D=Table1[[#This Row],[ICMS]]),0)),IF(AND(Table1[[#This Row],[NATUREZA OPERAÇÃO]]="CONSUMO",Table1[[#This Row],[IE?]]="SIM"),INDEX(IMPOSTOS!F:F,MATCH(1,(IMPOSTOS!B:B=Table1[[#This Row],[NCM]])*(IMPOSTOS!C:C=Table1[[#This Row],[ESTADO DESTINO]])*(IMPOSTOS!D:D=Table1[[#This Row],[ICMS]]),0)),IF(AND(Table1[[#This Row],[NATUREZA OPERAÇÃO]]="CONSUMO",Table1[[#This Row],[IE?]]="NÃO"),INDEX(IMPOSTOS!G:G,MATCH(1,(IMPOSTOS!B:B=Table1[[#This Row],[NCM]])*(IMPOSTOS!C:C=Table1[[#This Row],[ESTADO DESTINO]])*(IMPOSTOS!D:D=Table1[[#This Row],[ICMS]]),0)),"NÃO ENCONTRADO")))} -> NÃO ENCONTRADO | L9: 750.79312 | M9: =L9*1.23 -> 923.47554 | N9: =L9*1.2 -> 900.95175 | O9: =L9*1.17 -> 878.42795 | P9: =(L9+O9)/2 -> 814.61054 | Q9: =L9*1.01249086924762 -> 760.17118 | R9: =IFERROR(_xlfn.XLOOKUP(A9,'2025 NOV'!A:A,'2025 NOV'!L:L),"NÃO TEM NA LISTA 2025") -> 529.60955 | S9: PDV | T9: J6412 | U9: 15.6 | V9: N/A | W9: N/A | X9: 8 | Y9: 128
A10: 931FL104900L33 | B10: CX REG SIRIUS PC 15.6" J6412 8/128GB (limitado a 212 pç) | C10: 8470.50.10 | D10: Não | E10: 3 anos | F10: 0.15 | G10: =IF(Table1[[#This Row],[PPB]]="Sim",0.12,0.04) -> 0.04 | K10: {=IF(AND(Table1[[#This Row],[NATUREZA OPERAÇÃO]]="REVENDA",Table1[[#This Row],[IE?]]="SIM"),INDEX(IMPOSTOS!E:E,MATCH(1,(IMPOSTOS!B:B=Table1[[#This Row],[NCM]])*(IMPOSTOS!C:C=Table1[[#This Row],[ESTADO DESTINO]])*(IMPOSTOS!D:D=Table1[[#This Row],[ICMS]]),0)),IF(AND(Table1[[#This Row],[NATUREZA OPERAÇÃO]]="CONSUMO",Table1[[#This Row],[IE?]]="SIM"),INDEX(IMPOSTOS!F:F,MATCH(1,(IMPOSTOS!B:B=Table1[[#This Row],[NCM]])*(IMPOSTOS!C:C=Table1[[#This Row],[ESTADO DESTINO]])*(IMPOSTOS!D:D=Table1[[#This Row],[ICMS]]),0)),IF(AND(Table1[[#This Row],[NATUREZA OPERAÇÃO]]="CONSUMO",Table1[[#This Row],[IE?]]="NÃO"),INDEX(IMPOSTOS!G:G,MATCH(1,(IMPOSTOS!B:B=Table1[[#This Row],[NCM]])*(IMPOSTOS!C:C=Table1[[#This Row],[ESTADO DESTINO]])*(IMPOSTOS!D:D=Table1[[#This Row],[ICMS]]),0)),"NÃO ENCONTRADO")))} -> NÃO ENCONTRADO | L10: 611.64228 | M10: =L10*1.23 -> 752.32 | N10: =L10*1.2 -> 733.97073 | O10: =L10*1.17 -> 715.62146 | P10: =(L10+O10)/2 -> 663.63187 | Q10: =L10*1.01249086924762 -> 619.28222 | R10: =IFERROR(_xlfn.XLOOKUP(A10,'2025 NOV'!A:A,'2025 NOV'!L:L),"NÃO TEM NA LISTA 2025") -> 529.60955 | S10: PDV | T10: J6412 | U10: 15.6 | V10: N/A | W10: N/A | X10: 8 | Y10: 128
A11: 921LB660400733 | B11: CX REG SIRIUS 15.6" J6412 8+128 GB WIN IOT BRA | C11: 8470.50.10 | D11: Não | E11: 3 anos | F11: 0.15 | G11: =IF(Table1[[#This Row],[PPB]]="Sim",0.12,0.04) -> 0.04 | K11: {=IF(AND(Table1[[#This Row],[NATUREZA OPERAÇÃO]]="REVENDA",Table1[[#This Row],[IE?]]="SIM"),INDEX(IMPOSTOS!E:E,MATCH(1,(IMPOSTOS!B:B=Table1[[#This Row],[NCM]])*(IMPOSTOS!C:C=Table1[[#This Row],[ESTADO DESTINO]])*(IMPOSTOS!D:D=Table1[[#This Row],[ICMS]]),0)),IF(AND(Table1[[#This Row],[NATUREZA OPERAÇÃO]]="CONSUMO",Table1[[#This Row],[IE?]]="SIM"),INDEX(IMPOSTOS!F:F,MATCH(1,(IMPOSTOS!B:B=Table1[[#This Row],[NCM]])*(IMPOSTOS!C:C=Table1[[#This Row],[ESTADO DESTINO]])*(IMPOSTOS!D:D=Table1[[#This Row],[ICMS]]),0)),IF(AND(Table1[[#This Row],[NATUREZA OPERAÇÃO]]="CONSUMO",Table1[[#This Row],[IE?]]="NÃO"),INDEX(IMPOSTOS!G:G,MATCH(1,(IMPOSTOS!B:B=Table1[[#This Row],[NCM]])*(IMPOSTOS!C:C=Table1[[#This Row],[ESTADO DESTINO]])*(IMPOSTOS!D:D=Table1[[#This Row],[ICMS]]),0)),"NÃO ENCONTRADO")))} -> NÃO ENCONTRADO | L11: 858.71545 | M11: =L11*1.23 -> 1056.22 | N11: =L11*1.2 -> 1030.4585 | O11: =L11*1.17 -> 1004.6971 | P11: =(L11+O11)/2 -> 931.70626 | Q11: =L11*1.01249086924762 -> 869.44155 | R11: =IFERROR(_xlfn.XLOOKUP(A11,'2025 NOV'!A:A,'2025 NOV'!L:L),"NÃO TEM NA LISTA 2025") -> 663.13841 | S11: PDV | T11: J6412 | U11: 15.6 | V11: N/A | W11: N/A | X11: 8 | Y11: 128
A12: 931FL105000L33 | B12: CX REG SIRIUS PC 15.6" J6412 8/128GB +11.6" NO TOUCH | C12: 8470.50.10 | D12: Não | E12: 3 anos | F12: 0.15 | G12: =IF(Table1[[#This Row],[PPB]]="Sim",0.12,0.04) -> 0.04 | K12: {=IF(AND(Table1[[#This Row],[NATUREZA OPERAÇÃO]]="REVENDA",Table1[[#This Row],[IE?]]="SIM"),INDEX(IMPOSTOS!E:E,MATCH(1,(IMPOSTOS!B:B=Table1[[#This Row],[NCM]])*(IMPOSTOS!C:C=Table1[[#This Row],[ESTADO DESTINO]])*(IMPOSTOS!D:D=Table1[[#This Row],[ICMS]]),0)),IF(AND(Table1[[#This Row],[NATUREZA OPERAÇÃO]]="CONSUMO",Table1[[#This Row],[IE?]]="SIM"),INDEX(IMPOSTOS!F:F,MATCH(1,(IMPOSTOS!B:B=Table1[[#This Row],[NCM]])*(IMPOSTOS!C:C=Table1[[#This Row],[ESTADO DESTINO]])*(IMPOSTOS!D:D=Table1[[#This Row],[ICMS]]),0)),IF(AND(Table1[[#This Row],[NATUREZA OPERAÇÃO]]="CONSUMO",Table1[[#This Row],[IE?]]="NÃO"),INDEX(IMPOSTOS!G:G,MATCH(1,(IMPOSTOS!B:B=Table1[[#This Row],[NCM]])*(IMPOSTOS!C:C=Table1[[#This Row],[ESTADO DESTINO]])*(IMPOSTOS!D:D=Table1[[#This Row],[ICMS]]),0)),"NÃO ENCONTRADO")))} -> NÃO ENCONTRADO | L12: 847.30456 | M12: =L12*1.23 -> 1042.1846 | N12: =L12*1.2 -> 1016.7655 | O12: =L12*1.17 -> 991.34633 | P12: =(L12+O12)/2 -> 919.32544 | Q12: =L12*1.01249086924762 -> 857.88813 | R12: =IFERROR(_xlfn.XLOOKUP(A12,'2025 NOV'!A:A,'2025 NOV'!L:L),"NÃO TEM NA LISTA 2025") -> 678.29917 | S12: PDV | T12: J6412 | U12: 15.6 | V12: 11.6 | W12: NÃO | X12: 8 | Y12: 128
A13: 921LB660600733 | B13: CX REG SIRIUS 15.6" + 11.6" J6412 8+128 GB NO TOUCH WIN IOT BRA | C13: 8470.50.10 | D13: Não | E13: 3 anos | F13: 0.15 | G13: =IF(Table1[[#This Row],[PPB]]="Sim",0.12,0.04) -> 0.04 | K13: {=IF(AND(Table1[[#This Row],[NATUREZA OPERAÇÃO]]="REVENDA",Table1[[#This Row],[IE?]]="SIM"),INDEX(IMPOSTOS!E:E,MATCH(1,(IMPOSTOS!B:B=Table1[[#This Row],[NCM]])*(IMPOSTOS!C:C=Table1[[#This Row],[ESTADO DESTINO]])*(IMPOSTOS!D:D=Table1[[#This Row],[ICMS]]),0)),IF(AND(Table1[[#This Row],[NATUREZA OPERAÇÃO]]="CONSUMO",Table1[[#This Row],[IE?]]="SIM"),INDEX(IMPOSTOS!F:F,MATCH(1,(IMPOSTOS!B:B=Table1[[#This Row],[NCM]])*(IMPOSTOS!C:C=Table1[[#This Row],[ESTADO DESTINO]])*(IMPOSTOS!D:D=Table1[[#This Row],[ICMS]]),0)),IF(AND(Table1[[#This Row],[NATUREZA OPERAÇÃO]]="CONSUMO",Table1[[#This Row],[IE?]]="NÃO"),INDEX(IMPOSTOS!G:G,MATCH(1,(IMPOSTOS!B:B=Table1[[#This Row],[NCM]])*(IMPOSTOS!C:C=Table1[[#This Row],[ESTADO DESTINO]])*(IMPOSTOS!D:D=Table1[[#This Row],[ICMS]]),0)),"NÃO ENCONTRADO")))} -> NÃO ENCONTRADO | L13: 954.68293 | M13: =L13*1.23 -> 1174.26 | N13: =L13*1.2 -> 1145.6195 | O13: =L13*1.17 -> 1116.979 | P13: =(L13+O13)/2 -> 1035.831 | Q13: =L13*1.01249086924762 -> 966.60775 | R13: =IFERROR(_xlfn.XLOOKUP(A13,'2025 NOV'!A:A,'2025 NOV'!L:L),"NÃO TEM NA LISTA 2025") -> 794.53244 | S13: PDV | T13: J6412 | U13: 15.6 | V13: 11.6 | W13: NÃO | X13: 8 | Y13: 128
A14: 931FL105100L33 | B14: CX REG SIRIUS PC 15.6" J6412 8/128GB +11.6" TOUCH | C14: 8470.50.10 | D14: Não | E14: 3 anos | F14: 0.15 | G14: =IF(Table1[[#This Row],[PPB]]="Sim",0.12,0.04) -> 0.04 | K14: {=IF(AND(Table1[[#This Row],[NATUREZA OPERAÇÃO]]="REVENDA",Table1[[#This Row],[IE?]]="SIM"),INDEX(IMPOSTOS!E:E,MATCH(1,(IMPOSTOS!B:B=Table1[[#This Row],[NCM]])*(IMPOSTOS!C:C=Table1[[#This Row],[ESTADO DESTINO]])*(IMPOSTOS!D:D=Table1[[#This Row],[ICMS]]),0)),IF(AND(Table1[[#This Row],[NATUREZA OPERAÇÃO]]="CONSUMO",Table1[[#This Row],[IE?]]="SIM"),INDEX(IMPOSTOS!F:F,MATCH(1,(IMPOSTOS!B:B=Table1[[#This Row],[NCM]])*(IMPOSTOS!C:C=Table1[[#This Row],[ESTADO DESTINO]])*(IMPOSTOS!D:D=Table1[[#This Row],[ICMS]]),0)),IF(AND(Table1[[#This Row],[NATUREZA OPERAÇÃO]]="CONSUMO",Table1[[#This Row],[IE?]]="NÃO"),INDEX(IMPOSTOS!G:G,MATCH(1,(IMPOSTOS!B:B=Table1[[#This Row],[NCM]])*(IMPOSTOS!C:C=Table1[[#This Row],[ESTADO DESTINO]])*(IMPOSTOS!D:D=Table1[[#This Row],[ICMS]]),0)),"NÃO ENCONTRADO")))} -> NÃO ENCONTRADO | L14: 887.95624 | M14: =L14*1.23 -> 1092.1862 | N14: =L14*1.2 -> 1065.5475 | O14: =L14*1.17 -> 1038.9088 | P14: =(L14+O14)/2 -> 963.43252 | Q14: =L14*1.01249086924762 -> 899.04758 | R14: =IFERROR(_xlfn.XLOOKUP(A14,'2025 NOV'!A:A,'2025 NOV'!L:L),"NÃO TEM NA LISTA 2025") -> 716.16105 | S14: PDV | T14: J6412 | U14: 15.6 | V14: 11.6 | W14: SIM | X14: 8 | Y14: 128
A15: 931FL105200L33 | B15: CX REG SIRIUS PC 15.6" J6412 8/128GB +15.6" TOUCH | C15: 8470.50.10 | D15: Não | E15: 3 anos | F15: 0.15 | G15: =IF(Table1[[#This Row],[PPB]]="Sim",0.12,0.04) -> 0.04 | K15: {=IF(AND(Table1[[#This Row],[NATUREZA OPERAÇÃO]]="REVENDA",Table1[[#This Row],[IE?]]="SIM"),INDEX(IMPOSTOS!E:E,MATCH(1,(IMPOSTOS!B:B=Table1[[#This Row],[NCM]])*(IMPOSTOS!C:C=Table1[[#This Row],[ESTADO DESTINO]])*(IMPOSTOS!D:D=Table1[[#This Row],[ICMS]]),0)),IF(AND(Table1[[#This Row],[NATUREZA OPERAÇÃO]]="CONSUMO",Table1[[#This Row],[IE?]]="SIM"),INDEX(IMPOSTOS!F:F,MATCH(1,(IMPOSTOS!B:B=Table1[[#This Row],[NCM]])*(IMPOSTOS!C:C=Table1[[#This Row],[ESTADO DESTINO]])*(IMPOSTOS!D:D=Table1[[#This Row],[ICMS]]),0)),IF(AND(Table1[[#This Row],[NATUREZA OPERAÇÃO]]="CONSUMO",Table1[[#This Row],[IE?]]="NÃO"),INDEX(IMPOSTOS!G:G,MATCH(1,(IMPOSTOS!B:B=Table1[[#This Row],[NCM]])*(IMPOSTOS!C:C=Table1[[#This Row],[ESTADO DESTINO]])*(IMPOSTOS!D:D=Table1[[#This Row],[ICMS]]),0)),"NÃO ENCONTRADO")))} -> NÃO ENCONTRADO | L15: 906.47846 | M15: =L15*1.23 -> 1114.9685 | N15: =L15*1.2 -> 1087.7742 | O15: =L15*1.17 -> 1060.5798 | P15: =(L15+O15)/2 -> 983.52913 | Q15: =L15*1.01249086924762 -> 917.80117 | R15: =IFERROR(_xlfn.XLOOKUP(A15,'2025 NOV'!A:A,'2025 NOV'!L:L),"NÃO TEM NA LISTA 2025") -> NÃO TEM NA LISTA 2025 | S15: PDV | T15: J6412 | U15: 15.6 | V15: 15.6 | W15: SIM | X15: 8 | Y15: 128
A16: 921LB660800733 | B16: CX REG SIRIUS 15.6" + 11.6" PCAP J6412 8+128 GB TOUCH WIN IOT BRA | C16: 8470.50.10 | D16: Não | E16: 3 anos | F16: 0.15 | G16: =IF(Table1[[#This Row],[PPB]]="Sim",0.12,0.04) -> 0.04 | K16: {=IF(AND(Table1[[#This Row],[NATUREZA OPERAÇÃO]]="REVENDA",Table1[[#This Row],[IE?]]="SIM"),INDEX(IMPOSTOS!E:E,MATCH(1,(IMPOSTOS!B:B=Table1[[#This Row],[NCM]])*(IMPOSTOS!C:C=Table1[[#This Row],[ESTADO DESTINO]])*(IMPOSTOS!D:D=Table1[[#This Row],[ICMS]]),0)),IF(AND(Table1[[#This Row],[NATUREZA OPERAÇÃO]]="CONSUMO",Table1[[#This Row],[IE?]]="SIM"),INDEX(IMPOSTOS!F:F,MATCH(1,(IMPOSTOS!B:B=Table1[[#This Row],[NCM]])*(IMPOSTOS!C:C=Table1[[#This Row],[ESTADO DESTINO]])*(IMPOSTOS!D:D=Table1[[#This Row],[ICMS]]),0)),IF(AND(Table1[[#This Row],[NATUREZA OPERAÇÃO]]="CONSUMO",Table1[[#This Row],[IE?]]="NÃO"),INDEX(IMPOSTOS!G:G,MATCH(1,(IMPOSTOS!B:B=Table1[[#This Row],[NCM]])*(IMPOSTOS!C:C=Table1[[#This Row],[ESTADO DESTINO]])*(IMPOSTOS!D:D=Table1[[#This Row],[ICMS]]),0)),"NÃO ENCONTRADO")))} -> NÃO ENCONTRADO | L16: 995.81301 | M16: =L16*1.23 -> 1224.85 | N16: =L16*1.2 -> 1194.9756 | O16: =L16*1.17 -> 1165.1012 | P16: =(L16+O16)/2 -> 1080.4571 | Q16: =L16*1.01249086924762 -> 1008.2516 | R16: =IFERROR(_xlfn.XLOOKUP(A16,'2025 NOV'!A:A,'2025 NOV'!L:L),"NÃO TEM NA LISTA 2025") -> 833.11351 | S16: PDV | T16: J6412 | U16: 15.6 | V16: 11.6 | W16: SIM | X16: 8 | Y16: 128
A17: 931FL102900L33 | B17: CX REG VEGA 11.6 J6412 8+128 GB | C17: 8470.50.10 | D17: Não | E17: 3 anos | F17: 0.15 | G17: =IF(Table1[[#This Row],[PPB]]="Sim",0.12,0.04) -> 0.04 | K17: {=IF(AND(Table1[[#This Row],[NATUREZA OPERAÇÃO]]="REVENDA",Table1[[#This Row],[IE?]]="SIM"),INDEX(IMPOSTOS!E:E,MATCH(1,(IMPOSTOS!B:B=Table1[[#This Row],[NCM]])*(IMPOSTOS!C:C=Table1[[#This Row],[ESTADO DESTINO]])*(IMPOSTOS!D:D=Table1[[#This Row],[ICMS]]),0)),IF(AND(Table1[[#This Row],[NATUREZA OPERAÇÃO]]="CONSUMO",Table1[[#This Row],[IE?]]="SIM"),INDEX(IMPOSTOS!F:F,MATCH(1,(IMPOSTOS!B:B=Table1[[#This Row],[NCM]])*(IMPOSTOS!C:C=Table1[[#This Row],[ESTADO DESTINO]])*(IMPOSTOS!D:D=Table1[[#This Row],[ICMS]]),0)),IF(AND(Table1[[#This Row],[NATUREZA OPERAÇÃO]]="CONSUMO",Table1[[#This Row],[IE?]]="NÃO"),INDEX(IMPOSTOS!G:G,MATCH(1,(IMPOSTOS!B:B=Table1[[#This Row],[NCM]])*(IMPOSTOS!C:C=Table1[[#This Row],[ESTADO DESTINO]])*(IMPOSTOS!D:D=Table1[[#This Row],[ICMS]]),0)),"NÃO ENCONTRADO")))} -> NÃO ENCONTRADO | L17: 827.446 | M17: =L17*1.23 -> 1017.7586 | N17: =L17*1.2 -> 992.9352 | O17: =L17*1.17 -> 968.11182 | P17: =(L17+O17)/2 -> 897.77891 | Q17: =L17*1.01249086924762 -> 837.78152 | R17: =IFERROR(_xlfn.XLOOKUP(A17,'2025 NOV'!A:A,'2025 NOV'!L:L),"NÃO TEM NA LISTA 2025") -> 655.98582 | S17: PDV | T17: J6412 | U17: 15.6 | V17: N/A | W17: N/A | X17: 8 | Y17: 128
A18: 931FL106000L33 | B18: CX REG VEGA PC 11.6" J6412 4/128GB IMP TER 80MM + ALTO-FALANTE | C18: 8470.50.10 | D18: Não | E18: 3 anos | F18: 0.15 | G18: =IF(Table1[[#This Row],[PPB]]="Sim",0.12,0.04) -> 0.04 | K18: {=IF(AND(Table1[[#This Row],[NATUREZA OPERAÇÃO]]="REVENDA",Table1[[#This Row],[IE?]]="SIM"),INDEX(IMPOSTOS!E:E,MATCH(1,(IMPOSTOS!B:B=Table1[[#This Row],[NCM]])*(IMPOSTOS!C:C=Table1[[#This Row],[ESTADO DESTINO]])*(IMPOSTOS!D:D=Table1[[#This Row],[ICMS]]),0)),IF(AND(Table1[[#This Row],[NATUREZA OPERAÇÃO]]="CONSUMO",Table1[[#This Row],[IE?]]="SIM"),INDEX(IMPOSTOS!F:F,MATCH(1,(IMPOSTOS!B:B=Table1[[#This Row],[NCM]])*(IMPOSTOS!C:C=Table1[[#This Row],[ESTADO DESTINO]])*(IMPOSTOS!D:D=Table1[[#This Row],[ICMS]]),0)),IF(AND(Table1[[#This Row],[NATUREZA OPERAÇÃO]]="CONSUMO",Table1[[#This Row],[IE?]]="NÃO"),INDEX(IMPOSTOS!G:G,MATCH(1,(IMPOSTOS!B:B=Table1[[#This Row],[NCM]])*(IMPOSTOS!C:C=Table1[[#This Row],[ESTADO DESTINO]])*(IMPOSTOS!D:D=Table1[[#This Row],[ICMS]]),0)),"NÃO ENCONTRADO")))} -> NÃO ENCONTRADO | L18: 827.446 | M18: =L18*1.23 -> 1017.7586 | N18: =L18*1.2 -> 992.9352 | O18: =L18*1.17 -> 968.11182 | P18: =(L18+O18)/2 -> 897.77891 | Q18: =L18*1.01249086924762 -> 837.78152 | R18: =IFERROR(_xlfn.XLOOKUP(A18,'2025 NOV'!A:A,'2025 NOV'!L:L),"NÃO TEM NA LISTA 2025") -> 656.05658 | S18: PDV | T18: J6412 | U18: 15.6 | V18: N/A | W18: N/A | X18: 4 | Y18: 128
A19: 921LB660100733 | B19: CX REG VEGA 11.6 J6412 4+128 GB WIN IOT BRA | C19: 8470.50.10 | D19: Não | E19: 3 anos | F19: 0.15 | G19: =IF(Table1[[#This Row],[PPB]]="Sim",0.12,0.04) -> 0.04 | K19: {=IF(AND(Table1[[#This Row],[NATUREZA OPERAÇÃO]]="REVENDA",Table1[[#This Row],[IE?]]="SIM"),INDEX(IMPOSTOS!E:E,MATCH(1,(IMPOSTOS!B:B=Table1[[#This Row],[NCM]])*(IMPOSTOS!C:C=Table1[[#This Row],[ESTADO DESTINO]])*(IMPOSTOS!D:D=Table1[[#This Row],[ICMS]]),0)),IF(AND(Table1[[#This Row],[NATUREZA OPERAÇÃO]]="CONSUMO",Table1[[#This Row],[IE?]]="SIM"),INDEX(IMPOSTOS!F:F,MATCH(1,(IMPOSTOS!B:B=Table1[[#This Row],[NCM]])*(IMPOSTOS!C:C=Table1[[#This Row],[ESTADO DESTINO]])*(IMPOSTOS!D:D=Table1[[#This Row],[ICMS]]),0)),IF(AND(Table1[[#This Row],[NATUREZA OPERAÇÃO]]="CONSUMO",Table1[[#This Row],[IE?]]="NÃO"),INDEX(IMPOSTOS!G:G,MATCH(1,(IMPOSTOS!B:B=Table1[[#This Row],[NCM]])*(IMPOSTOS!C:C=Table1[[#This Row],[ESTADO DESTINO]])*(IMPOSTOS!D:D=Table1[[#This Row],[ICMS]]),0)),"NÃO ENCONTRADO")))} -> NÃO ENCONTRADO | L19: 934.65262 | M19: =L19*1.23 -> 1149.6227 | N19: =L19*1.2 -> 1121.5831 | O19: =L19*1.17 -> 1093.5436 | P19: =(L19+O19)/2 -> 1014.0981 | Q19: =L19*1.01249086924762 -> 946.32724 | R19: =IFERROR(_xlfn.XLOOKUP(A19,'2025 NOV'!A:A,'2025 NOV'!L:L),"NÃO TEM NA LISTA 2025") -> 854.03084 | S19: PDV | T19: J6412 | U19: 15.6 | V19: N/A | W19: N/A | X19: 4 | Y19: 128
A20: 921LB661800733 | B20: CX REG VEGA PC 11.6" J6412 8/128GB WIN PRO IMP TER 80MM | C20: 8470.50.10 | D20: Não | E20: 3 anos | F20: 0.15 | G20: =IF(Table1[[#This Row],[PPB]]="Sim",0.12,0.04) -> 0.04 | K20: {=IF(AND(Table1[[#This Row],[NATUREZA OPERAÇÃO]]="REVENDA",Table1[[#This Row],[IE?]]="SIM"),INDEX(IMPOSTOS!E:E,MATCH(1,(IMPOSTOS!B:B=Table1[[#This Row],[NCM]])*(IMPOSTOS!C:C=Table1[[#This Row],[ESTADO DESTINO]])*(IMPOSTOS!D:D=Table1[[#This Row],[ICMS]]),0)),IF(AND(Table1[[#This Row],[NATUREZA OPERAÇÃO]]="CONSUMO",Table1[[#This Row],[IE?]]="SIM"),INDEX(IMPOSTOS!F:F,MATCH(1,(IMPOSTOS!B:B=Table1[[#This Row],[NCM]])*(IMPOSTOS!C:C=Table1[[#This Row],[ESTADO DESTINO]])*(IMPOSTOS!D:D=Table1[[#This Row],[ICMS]]),0)),IF(AND(Table1[[#This Row],[NATUREZA OPERAÇÃO]]="CONSUMO",Table1[[#This Row],[IE?]]="NÃO"),INDEX(IMPOSTOS!G:G,MATCH(1,(IMPOSTOS!B:B=Table1[[#This Row],[NCM]])*(IMPOSTOS!C:C=Table1[[#This Row],[ESTADO DESTINO]])*(IMPOSTOS!D:D=Table1[[#This Row],[ICMS]]),0)),"NÃO ENCONTRADO")))} -> NÃO ENCONTRADO | L20: 953.66639 | M20: =L20*1.23 -> 1173.0097 | N20: =L20*1.2 -> 1144.3997 | O20: =L20*1.17 -> 1115.7897 | P20: =(L20+O20)/2 -> 1034.728 | Q20: =L20*1.01249086924762 -> 965.57851 | R20: =IFERROR(_xlfn.XLOOKUP(A20,'2025 NOV'!A:A,'2025 NOV'!L:L),"NÃO TEM NA LISTA 2025") -> NÃO TEM NA LISTA 2025 | S20: PDV | T20: J6412 | U20: 15.6 | V20: N/A | W20: N/A | X20: 8 | Y20: 128
A21: 931FL103000L33 | B21: CX REG ANTARES PC 15.6"+11.6" J6412 4/128GB IMP TER 80MM | C21: 8470.50.10 | D21: Não | E21: 3 anos | F21: 0.15 | G21: =IF(Table1[[#This Row],[PPB]]="Sim",0.12,0.04) -> 0.04 | K21: {=IF(AND(Table1[[#This Row],[NATUREZA OPERAÇÃO]]="REVENDA",Table1[[#This Row],[IE?]]="SIM"),INDEX(IMPOSTOS!E:E,MATCH(1,(IMPOSTOS!B:B=Table1[[#This Row],[NCM]])*(IMPOSTOS!C:C=Table1[[#This Row],[ESTADO DESTINO]])*(IMPOSTOS!D:D=Table1[[#This Row],[ICMS]]),0)),IF(AND(Table1[[#This Row],[NATUREZA OPERAÇÃO]]="CONSUMO",Table1[[#This Row],[IE?]]="SIM"),INDEX(IMPOSTOS!F:F,MATCH(1,(IMPOSTOS!B:B=Table1[[#This Row],[NCM]])*(IMPOSTOS!C:C=Table1[[#This Row],[ESTADO DESTINO]])*(IMPOSTOS!D:D=Table1[[#This Row],[ICMS]]),0)),IF(AND(Table1[[#This Row],[NATUREZA OPERAÇÃO]]="CONSUMO",Table1[[#This Row],[IE?]]="NÃO"),INDEX(IMPOSTOS!G:G,MATCH(1,(IMPOSTOS!B:B=Table1[[#This Row],[NCM]])*(IMPOSTOS!C:C=Table1[[#This Row],[ESTADO DESTINO]])*(IMPOSTOS!D:D=Table1[[#This Row],[ICMS]]),0)),"NÃO ENCONTRADO")))} -> NÃO ENCONTRADO | L21: 706.87405 | M21: =L21*1.23 -> 869.45508 | N21: =L21*1.2 -> 848.24886 | O21: =L21*1.17 -> 827.04264 | P21: =(L21+O21)/2 -> 766.95835 | Q21: =L21*1.01249086924762 -> 715.70352 | R21: =IFERROR(_xlfn.XLOOKUP(A21,'2025 NOV'!A:A,'2025 NOV'!L:L),"NÃO TEM NA LISTA 2025") -> 715.90263 | S21: PDV | T21: J6412 | U21: 15.6 | V21: 11.6 | W21: SIM | X21: 4 | Y21: 128
A22: 931FL103000L33 | B22: CX REG ANTARES PC 15.6"+11.6" J6412 8/128GB IMP TER 80MM | C22: 8470.50.10 | D22: Não | E22: 3 anos | F22: 0.15 | G22: =IF(Table1[[#This Row],[PPB]]="Sim",0.12,0.04) -> 0.04 | K22: {=IF(AND(Table1[[#This Row],[NATUREZA OPERAÇÃO]]="REVENDA",Table1[[#This Row],[IE?]]="SIM"),INDEX(IMPOSTOS!E:E,MATCH(1,(IMPOSTOS!B:B=Table1[[#This Row],[NCM]])*(IMPOSTOS!C:C=Table1[[#This Row],[ESTADO DESTINO]])*(IMPOSTOS!D:D=Table1[[#This Row],[ICMS]]),0)),IF(AND(Table1[[#This Row],[NATUREZA OPERAÇÃO]]="CONSUMO",Table1[[#This Row],[IE?]]="SIM"),INDEX(IMPOSTOS!F:F,MATCH(1,(IMPOSTOS!B:B=Table1[[#This Row],[NCM]])*(IMPOSTOS!C:C=Table1[[#This Row],[ESTADO DESTINO]])*(IMPOSTOS!D:D=Table1[[#This Row],[ICMS]]),0)),IF(AND(Table1[[#This Row],[NATUREZA OPERAÇÃO]]="CONSUMO",Table1[[#This Row],[IE?]]="NÃO"),INDEX(IMPOSTOS!G:G,MATCH(1,(IMPOSTOS!B:B=Table1[[#This Row],[NCM]])*(IMPOSTOS!C:C=Table1[[#This Row],[ESTADO DESTINO]])*(IMPOSTOS!D:D=Table1[[#This Row],[ICMS]]),0)),"NÃO ENCONTRADO")))} -> NÃO ENCONTRADO | L22: 955.67064 | M22: =L22*1.23 -> 1175.4749 | N22: =L22*1.2 -> 1146.8048 | O22: =L22*1.17 -> 1118.1346 | P22: =(L22+O22)/2 -> 1036.9026 | Q22: =L22*1.01249086924762 -> 967.60779 | R22: =IFERROR(_xlfn.XLOOKUP(A22,'2025 NOV'!A:A,'2025 NOV'!L:L),"NÃO TEM NA LISTA 2025") -> 715.90263 | S22: PDV | T22: J6412 | U22: 15.6 | V22: 11.6 | W22: SIM | X22: 8 | Y22: 128
A23: 921LB660200733 | B23: CX REG ANTARES 15.6 J6412 4+128 GB WIN IOT BRA | C23: 8470.50.10 | D23: Não | E23: 3 anos | F23: 0.15 | G23: =IF(Table1[[#This Row],[PPB]]="Sim",0.12,0.04) -> 0.04 | K23: {=IF(AND(Table1[[#This Row],[NATUREZA OPERAÇÃO]]="REVENDA",Table1[[#This Row],[IE?]]="SIM"),INDEX(IMPOSTOS!E:E,MATCH(1,(IMPOSTOS!B:B=Table1[[#This Row],[NCM]])*(IMPOSTOS!C:C=Table1[[#This Row],[ESTADO DESTINO]])*(IMPOSTOS!D:D=Table1[[#This Row],[ICMS]]),0)),IF(AND(Table1[[#This Row],[NATUREZA OPERAÇÃO]]="CONSUMO",Table1[[#This Row],[IE?]]="SIM"),INDEX(IMPOSTOS!F:F,MATCH(1,(IMPOSTOS!B:B=Table1[[#This Row],[NCM]])*(IMPOSTOS!C:C=Table1[[#This Row],[ESTADO DESTINO]])*(IMPOSTOS!D:D=Table1[[#This Row],[ICMS]]),0)),IF(AND(Table1[[#This Row],[NATUREZA OPERAÇÃO]]="CONSUMO",Table1[[#This Row],[IE?]]="NÃO"),INDEX(IMPOSTOS!G:G,MATCH(1,(IMPOSTOS!B:B=Table1[[#This Row],[NCM]])*(IMPOSTOS!C:C=Table1[[#This Row],[ESTADO DESTINO]])*(IMPOSTOS!D:D=Table1[[#This Row],[ICMS]]),0)),"NÃO ENCONTRADO")))} -> NÃO ENCONTRADO | L23: 1067.4078 | M23: =L23*1.23 -> 1312.9116 | N23: =L23*1.2 -> 1280.8894 | O23: =L23*1.17 -> 1248.8672 | P23: =(L23+O23)/2 -> 1158.1375 | Q23: =L23*1.01249086924762 -> 1080.7407 | R23: =IFERROR(_xlfn.XLOOKUP(A23,'2025 NOV'!A:A,'2025 NOV'!L:L),"NÃO TEM NA LISTA 2025") -> 820.62894 | S23: PDV | T23: J6412 | U23: 15.6 | V23: 11.6 | W23: SIM | X23: 4 | Y23: 128
A24: 921LB661100733 | B24: CX REG SIRIUS PC 15.6" + 11.6" PCAP I3 10TH 8/128GB | C24: 8470.50.10 | D24: Não | E24: 3 anos | F24: 0.15 | G24: =IF(Table1[[#This Row],[PPB]]="Sim",0.12,0.04) -> 0.04 | K24: {=IF(AND(Table1[[#This Row],[NATUREZA OPERAÇÃO]]="REVENDA",Table1[[#This Row],[IE?]]="SIM"),INDEX(IMPOSTOS!E:E,MATCH(1,(IMPOSTOS!B:B=Table1[[#This Row],[NCM]])*(IMPOSTOS!C:C=Table1[[#This Row],[ESTADO DESTINO]])*(IMPOSTOS!D:D=Table1[[#This Row],[ICMS]]),0)),IF(AND(Table1[[#This Row],[NATUREZA OPERAÇÃO]]="CONSUMO",Table1[[#This Row],[IE?]]="SIM"),INDEX(IMPOSTOS!F:F,MATCH(1,(IMPOSTOS!B:B=Table1[[#This Row],[NCM]])*(IMPOSTOS!C:C=Table1[[#This Row],[ESTADO DESTINO]])*(IMPOSTOS!D:D=Table1[[#This Row],[ICMS]]),0)),IF(AND(Table1[[#This Row],[NATUREZA OPERAÇÃO]]="CONSUMO",Table1[[#This Row],[IE?]]="NÃO"),INDEX(IMPOSTOS!G:G,MATCH(1,(IMPOSTOS!B:B=Table1[[#This Row],[NCM]])*(IMPOSTOS!C:C=Table1[[#This Row],[ESTADO DESTINO]])*(IMPOSTOS!D:D=Table1[[#This Row],[ICMS]]),0)),"NÃO ENCONTRADO")))} -> NÃO ENCONTRADO | L24: 788.66242 | M24: =L24*1.23 -> 970.05477 | N24: =L24*1.2 -> 946.3949 | O24: =L24*1.17 -> 922.73503 | P24: =(L24+O24)/2 -> 855.69872 | Q24: =L24*1.01249086924762 -> 798.5135 | R24: =IFERROR(_xlfn.XLOOKUP(A24,'2025 NOV'!A:A,'2025 NOV'!L:L),"NÃO TEM NA LISTA 2025") -> 1013.765 | S24: PDV | T24: I3 | U24: 15.6 | V24: 11.6 | W24: SIM | X24: 8 | Y24: 128
A25: 931FL104600L33 | B25: CX REG VEGA PC 11.6" I3-12TH 8/128GB IMP TER 80MM BRA | C25: 8470.50.10 | D25: Não | E25: 3 anos | F25: 0.15 | G25: =IF(Table1[[#This Row],[PPB]]="Sim",0.12,0.04) -> 0.04 | K25: {=IF(AND(Table1[[#This Row],[NATUREZA OPERAÇÃO]]="REVENDA",Table1[[#This Row],[IE?]]="SIM"),INDEX(IMPOSTOS!E:E,MATCH(1,(IMPOSTOS!B:B=Table1[[#This Row],[NCM]])*(IMPOSTOS!C:C=Table1[[#This Row],[ESTADO DESTINO]])*(IMPOSTOS!D:D=Table1[[#This Row],[ICMS]]),0)),IF(AND(Table1[[#This Row],[NATUREZA OPERAÇÃO]]="CONSUMO",Table1[[#This Row],[IE?]]="SIM"),INDEX(IMPOSTOS!F:F,MATCH(1,(IMPOSTOS!B:B=Table1[[#This Row],[NCM]])*(IMPOSTOS!C:C=Table1[[#This Row],[ESTADO DESTINO]])*(IMPOSTOS!D:D=Table1[[#This Row],[ICMS]]),0)),IF(AND(Table1[[#This Row],[NATUREZA OPERAÇÃO]]="CONSUMO",Table1[[#This Row],[IE?]]="NÃO"),INDEX(IMPOSTOS!G:G,MATCH(1,(IMPOSTOS!B:B=Table1[[#This Row],[NCM]])*(IMPOSTOS!C:C=Table1[[#This Row],[ESTADO DESTINO]])*(IMPOSTOS!D:D=Table1[[#This Row],[ICMS]]),0)),"NÃO ENCONTRADO")))} -> NÃO ENCONTRADO | L25: 1030.2253 | M25: =L25*1.23 -> 1267.1771 | N25: =L25*1.2 -> 1236.2703 | O25: =L25*1.17 -> 1205.3636 | P25: =(L25+O25)/2 -> 1117.7944 | Q25: =L25*1.01249086924762 -> 1043.0937 | R25: =IFERROR(_xlfn.XLOOKUP(A25,'2025 NOV'!A:A,'2025 NOV'!L:L),"NÃO TEM NA LISTA 2025") -> NÃO TEM NA LISTA 2025 | S25: PDV | T25: I3 | U25: 15.6 | V25: N/A | W25: N/A | X25: 8 | Y25: 128
A26: 921LB661200733 | B26: CX REG VEGA 11.6 I3 10TH 8+128GB WIN PRO BRA (47 pç) | C26: 8470.50.10 | D26: Não | E26: 3 anos | F26: 0.15 | G26: =IF(Table1[[#This Row],[PPB]]="Sim",0.12,0.04) -> 0.04 | K26: {=IF(AND(Table1[[#This Row],[NATUREZA OPERAÇÃO]]="REVENDA",Table1[[#This Row],[IE?]]="SIM"),INDEX(IMPOSTOS!E:E,MATCH(1,(IMPOSTOS!B:B=Table1[[#This Row],[NCM]])*(IMPOSTOS!C:C=Table1[[#This Row],[ESTADO DESTINO]])*(IMPOSTOS!D:D=Table1[[#This Row],[ICMS]]),0)),IF(AND(Table1[[#This Row],[NATUREZA OPERAÇÃO]]="CONSUMO",Table1[[#This Row],[IE?]]="SIM"),INDEX(IMPOSTOS!F:F,MATCH(1,(IMPOSTOS!B:B=Table1[[#This Row],[NCM]])*(IMPOSTOS!C:C=Table1[[#This Row],[ESTADO DESTINO]])*(IMPOSTOS!D:D=Table1[[#This Row],[ICMS]]),0)),IF(AND(Table1[[#This Row],[NATUREZA OPERAÇÃO]]="CONSUMO",Table1[[#This Row],[IE?]]="NÃO"),INDEX(IMPOSTOS!G:G,MATCH(1,(IMPOSTOS!B:B=Table1[[#This Row],[NCM]])*(IMPOSTOS!C:C=Table1[[#This Row],[ESTADO DESTINO]])*(IMPOSTOS!D:D=Table1[[#This Row],[ICMS]]),0)),"NÃO ENCONTRADO")))} -> NÃO ENCONTRADO | L26: 1044.3072 | M26: =L26*1.23 -> 1284.4978 | N26: =L26*1.2 -> 1253.1686 | O26: =L26*1.17 -> 1221.8394 | P26: =(L26+O26)/2 -> 1133.0733 | Q26: =L26*1.01249086924762 -> 1057.3515 | R26: =IFERROR(_xlfn.XLOOKUP(A26,'2025 NOV'!A:A,'2025 NOV'!L:L),"NÃO TEM NA LISTA 2025") -> 1064.6927 | S26: PDV | T26: I3 | U26: 15.6 | V26: N/A | W26: N/A | X26: 8 | Y26: 128
A27: 921LB661200733 | B27: CX REG VEGA 11.6 I3 12TH 8+128GB WIN PRO BRA | C27: 8470.50.10 | D27: Não | E27: 3 anos | F27: 0.15 | G27: =IF(Table1[[#This Row],[PPB]]="Sim",0.12,0.04) -> 0.04 | K27: {=IF(AND(Table1[[#This Row],[NATUREZA OPERAÇÃO]]="REVENDA",Table1[[#This Row],[IE?]]="SIM"),INDEX(IMPOSTOS!E:E,MATCH(1,(IMPOSTOS!B:B=Table1[[#This Row],[NCM]])*(IMPOSTOS!C:C=Table1[[#This Row],[ESTADO DESTINO]])*(IMPOSTOS!D:D=Table1[[#This Row],[ICMS]]),0)),IF(AND(Table1[[#This Row],[NATUREZA OPERAÇÃO]]="CONSUMO",Table1[[#This Row],[IE?]]="SIM"),INDEX(IMPOSTOS!F:F,MATCH(1,(IMPOSTOS!B:B=Table1[[#This Row],[NCM]])*(IMPOSTOS!C:C=Table1[[#This Row],[ESTADO DESTINO]])*(IMPOSTOS!D:D=Table1[[#This Row],[ICMS]]),0)),IF(AND(Table1[[#This Row],[NATUREZA OPERAÇÃO]]="CONSUMO",Table1[[#This Row],[IE?]]="NÃO"),INDEX(IMPOSTOS!G:G,MATCH(1,(IMPOSTOS!B:B=Table1[[#This Row],[NCM]])*(IMPOSTOS!C:C=Table1[[#This Row],[ESTADO DESTINO]])*(IMPOSTOS!D:D=Table1[[#This Row],[ICMS]]),0)),"NÃO ENCONTRADO")))} -> NÃO ENCONTRADO | L27: 1156.4457 | M27: =L27*1.23 -> 1422.4282 | N27: =L27*1.2 -> 1387.7348 | O27: =L27*1.17 -> 1353.0414 | P27: =(L27+O27)/2 -> 1254.7435 | Q27: =L27*1.01249086924762 -> 1170.8907 | R27: =IFERROR(_xlfn.XLOOKUP(A27,'2025 NOV'!A:A,'2025 NOV'!L:L),"NÃO TEM NA LISTA 2025") -> 1064.6927 | S27: PDV | T27: I3 | U27: 15.6 | V27: N/A | W27: N/A | X27: 8 | Y27: 128
A28: 921LB662300733 | B28: CX REG SIRIUS PC 15.6" I5 12TH + 11.6 PCAP + WIFI | C28: 8470.50.10 | D28: Não | E28: 3 anos | F28: 0.15 | G28: =IF(Table1[[#This Row],[PPB]]="Sim",0.12,0.04) -> 0.04 | K28: {=IF(AND(Table1[[#This Row],[NATUREZA OPERAÇÃO]]="REVENDA",Table1[[#This Row],[IE?]]="SIM"),INDEX(IMPOSTOS!E:E,MATCH(1,(IMPOSTOS!B:B=Table1[[#This Row],[NCM]])*(IMPOSTOS!C:C=Table1[[#This Row],[ESTADO DESTINO]])*(IMPOSTOS!D:D=Table1[[#This Row],[ICMS]]),0)),IF(AND(Table1[[#This Row],[NATUREZA OPERAÇÃO]]="CONSUMO",Table1[[#This Row],[IE?]]="SIM"),INDEX(IMPOSTOS!F:F,MATCH(1,(IMPOSTOS!B:B=Table1[[#This Row],[NCM]])*(IMPOSTOS!C:C=Table1[[#This Row],[ESTADO DESTINO]])*(IMPOSTOS!D:D=Table1[[#This Row],[ICMS]]),0)),IF(AND(Table1[[#This Row],[NATUREZA OPERAÇÃO]]="CONSUMO",Table1[[#This Row],[IE?]]="NÃO"),INDEX(IMPOSTOS!G:G,MATCH(1,(IMPOSTOS!B:B=Table1[[#This Row],[NCM]])*(IMPOSTOS!C:C=Table1[[#This Row],[ESTADO DESTINO]])*(IMPOSTOS!D:D=Table1[[#This Row],[ICMS]]),0)),"NÃO ENCONTRADO")))} -> NÃO ENCONTRADO | L28: 1207.8513 | M28: =L28*1.23 -> 1485.6571 | N28: =L28*1.2 -> 1449.4216 | O28: =L28*1.17 -> 1413.186 | P28: =(L28+O28)/2 -> 1310.5187 | Q28: =L28*1.01249086924762 -> 1222.9384 | R28: =IFERROR(_xlfn.XLOOKUP(A28,'2025 NOV'!A:A,'2025 NOV'!L:L),"NÃO TEM NA LISTA 2025") -> 1161.8353 | S28: PDV | T28: I5 | U28: 15.6 | V28: 11.6 | W28: SIM | X28: 8 | Y28: 256
A29: 921LB661900733 | B29: CX REG SIRIUS PC 15.6" + 11.6 PCAP I5 12TH 8/256GB WIN PRO | C29: 8470.50.10 | D29: Não | E29: 3 anos | F29: 0.15 | G29: =IF(Table1[[#This Row],[PPB]]="Sim",0.12,0.04) -> 0.04 | K29: {=IF(AND(Table1[[#This Row],[NATUREZA OPERAÇÃO]]="REVENDA",Table1[[#This Row],[IE?]]="SIM"),INDEX(IMPOSTOS!E:E,MATCH(1,(IMPOSTOS!B:B=Table1[[#This Row],[NCM]])*(IMPOSTOS!C:C=Table1[[#This Row],[ESTADO DESTINO]])*(IMPOSTOS!D:D=Table1[[#This Row],[ICMS]]),0)),IF(AND(Table1[[#This Row],[NATUREZA OPERAÇÃO]]="CONSUMO",Table1[[#This Row],[IE?]]="SIM"),INDEX(IMPOSTOS!F:F,MATCH(1,(IMPOSTOS!B:B=Table1[[#This Row],[NCM]])*(IMPOSTOS!C:C=Table1[[#This Row],[ESTADO DESTINO]])*(IMPOSTOS!D:D=Table1[[#This Row],[ICMS]]),0)),IF(AND(Table1[[#This Row],[NATUREZA OPERAÇÃO]]="CONSUMO",Table1[[#This Row],[IE?]]="NÃO"),INDEX(IMPOSTOS!G:G,MATCH(1,(IMPOSTOS!B:B=Table1[[#This Row],[NCM]])*(IMPOSTOS!C:C=Table1[[#This Row],[ESTADO DESTINO]])*(IMPOSTOS!D:D=Table1[[#This Row],[ICMS]]),0)),"NÃO ENCONTRADO")))} -> NÃO ENCONTRADO | L29: 1329.7109 | M29: =L29*1.23 -> 1635.5444 | N29: =L29*1.2 -> 1595.6531 | O29: =L29*1.17 -> 1555.7618 | P29: =(L29+O29)/2 -> 1442.7363 | Q29: =L29*1.01249086924762 -> 1346.3201 | R29: =IFERROR(_xlfn.XLOOKUP(A29,'2025 NOV'!A:A,'2025 NOV'!L:L),"NÃO TEM NA LISTA 2025") -> NÃO TEM NA LISTA 2025 | S29: PDV | T29: I5 | U29: 15.6 | V29: 11.6 | W29: SIM | X29: 8 | Y29: 256
A30: 935FL103400L33 | B30: CX REG SIRIUS PC 15.6" I5 12TH 8/256GB | C30: 8470.50.10 | D30: Não | E30: 3 anos | F30: 0.15 | G30: =IF(Table1[[#This Row],[PPB]]="Sim",0.12,0.04) -> 0.04 | K30: {=IF(AND(Table1[[#This Row],[NATUREZA OPERAÇÃO]]="REVENDA",Table1[[#This Row],[IE?]]="SIM"),INDEX(IMPOSTOS!E:E,MATCH(1,(IMPOSTOS!B:B=Table1[[#This Row],[NCM]])*(IMPOSTOS!C:C=Table1[[#This Row],[ESTADO DESTINO]])*(IMPOSTOS!D:D=Table1[[#This Row],[ICMS]]),0)),IF(AND(Table1[[#This Row],[NATUREZA OPERAÇÃO]]="CONSUMO",Table1[[#This Row],[IE?]]="SIM"),INDEX(IMPOSTOS!F:F,MATCH(1,(IMPOSTOS!B:B=Table1[[#This Row],[NCM]])*(IMPOSTOS!C:C=Table1[[#This Row],[ESTADO DESTINO]])*(IMPOSTOS!D:D=Table1[[#This Row],[ICMS]]),0)),IF(AND(Table1[[#This Row],[NATUREZA OPERAÇÃO]]="CONSUMO",Table1[[#This Row],[IE?]]="NÃO"),INDEX(IMPOSTOS!G:G,MATCH(1,(IMPOSTOS!B:B=Table1[[#This Row],[NCM]])*(IMPOSTOS!C:C=Table1[[#This Row],[ESTADO DESTINO]])*(IMPOSTOS!D:D=Table1[[#This Row],[ICMS]]),0)),"NÃO ENCONTRADO")))} -> NÃO ENCONTRADO | L30: 1061.1988 | M30: =L30*1.23 -> 1305.2745 | N30: =L30*1.2 -> 1273.4386 | O30: =L30*1.17 -> 1241.6026 | P30: =(L30+O30)/2 -> 1151.4007 | Q30: =L30*1.01249086924762 -> 1074.4541 | R30: =IFERROR(_xlfn.XLOOKUP(A30,'2025 NOV'!A:A,'2025 NOV'!L:L),"NÃO TEM NA LISTA 2025") -> 930.31338 | S30: PDV | T30: I5 | U30: 15.6 | V30: N/A | W30: N/A | X30: 8 | Y30: 256
A31: 921LB662400733 | B31: CX REG SIRIUS PC 15.6" I5-12TH 8/256GB +11.6" NO TOUCH | C31: 8470.50.10 | D31: Não | E31: 3 anos | F31: 0.15 | G31: =IF(Table1[[#This Row],[PPB]]="Sim",0.12,0.04) -> 0.04 | K31: {=IF(AND(Table1[[#This Row],[NATUREZA OPERAÇÃO]]="REVENDA",Table1[[#This Row],[IE?]]="SIM"),INDEX(IMPOSTOS!E:E,MATCH(1,(IMPOSTOS!B:B=Table1[[#This Row],[NCM]])*(IMPOSTOS!C:C=Table1[[#This Row],[ESTADO DESTINO]])*(IMPOSTOS!D:D=Table1[[#This Row],[ICMS]]),0)),IF(AND(Table1[[#This Row],[NATUREZA OPERAÇÃO]]="CONSUMO",Table1[[#This Row],[IE?]]="SIM"),INDEX(IMPOSTOS!F:F,MATCH(1,(IMPOSTOS!B:B=Table1[[#This Row],[NCM]])*(IMPOSTOS!C:C=Table1[[#This Row],[ESTADO DESTINO]])*(IMPOSTOS!D:D=Table1[[#This Row],[ICMS]]),0)),IF(AND(Table1[[#This Row],[NATUREZA OPERAÇÃO]]="CONSUMO",Table1[[#This Row],[IE?]]="NÃO"),INDEX(IMPOSTOS!G:G,MATCH(1,(IMPOSTOS!B:B=Table1[[#This Row],[NCM]])*(IMPOSTOS!C:C=Table1[[#This Row],[ESTADO DESTINO]])*(IMPOSTOS!D:D=Table1[[#This Row],[ICMS]]),0)),"NÃO ENCONTRADO")))} -> NÃO ENCONTRADO | L31: 1157.7136 | M31: =L31*1.23 -> 1423.9877 | N31: =L31*1.2 -> 1389.2563 | O31: =L31*1.17 -> 1354.5249 | P31: =(L31+O31)/2 -> 1256.1192 | Q31: =L31*1.01249086924762 -> 1172.1744 | R31: =IFERROR(_xlfn.XLOOKUP(A31,'2025 NOV'!A:A,'2025 NOV'!L:L),"NÃO TEM NA LISTA 2025") -> 1065.3466 | S31: PDV | T31: I5 | U31: 15.6 | V31: 11.6 | W31: NÃO | X31: 8 | Y31: 256
A32: 935FL103500L33 | B32: CX REG SIRIUS 15.6 PCAP I5 8USB WIFI+BT BRA 12TH 16/256GB (limitado a 400 pç) | C32: 8470.50.10 | D32: Não | E32: 3 anos | F32: 0.15 | G32: =IF(Table1[[#This Row],[PPB]]="Sim",0.12,0.04) -> 0.04 | K32: {=IF(AND(Table1[[#This Row],[NATUREZA OPERAÇÃO]]="REVENDA",Table1[[#This Row],[IE?]]="SIM"),INDEX(IMPOSTOS!E:E,MATCH(1,(IMPOSTOS!B:B=Table1[[#This Row],[NCM]])*(IMPOSTOS!C:C=Table1[[#This Row],[ESTADO DESTINO]])*(IMPOSTOS!D:D=Table1[[#This Row],[ICMS]]),0)),IF(AND(Table1[[#This Row],[NATUREZA OPERAÇÃO]]="CONSUMO",Table1[[#This Row],[IE?]]="SIM"),INDEX(IMPOSTOS!F:F,MATCH(1,(IMPOSTOS!B:B=Table1[[#This Row],[NCM]])*(IMPOSTOS!C:C=Table1[[#This Row],[ESTADO DESTINO]])*(IMPOSTOS!D:D=Table1[[#This Row],[ICMS]]),0)),IF(AND(Table1[[#This Row],[NATUREZA OPERAÇÃO]]="CONSUMO",Table1[[#This Row],[IE?]]="NÃO"),INDEX(IMPOSTOS!G:G,MATCH(1,(IMPOSTOS!B:B=Table1[[#This Row],[NCM]])*(IMPOSTOS!C:C=Table1[[#This Row],[ESTADO DESTINO]])*(IMPOSTOS!D:D=Table1[[#This Row],[ICMS]]),0)),"NÃO ENCONTRADO")))} -> NÃO ENCONTRADO | L32: 1150.4228 | M32: =L32*1.23 -> 1415.02 | N32: =L32*1.2 -> 1380.5073 | O32: =L32*1.17 -> 1345.9946 | P32: =(L32+O32)/2 -> 1248.2087 | Q32: =L32*1.01249086924762 -> 1164.7925 | R32: =IFERROR(_xlfn.XLOOKUP(A32,'2025 NOV'!A:A,'2025 NOV'!L:L),"NÃO TEM NA LISTA 2025") -> NÃO TEM NA LISTA 2025 | S32: PDV | T32: I5 | U32: 15.6 | V32: N/A | W32: N/A | X32: 16 | Y32: 256
A33: 935FL103500L33 | B33: CX REG SIRIUS 15.6 PCAP I5 8USB WIFI+BT BRA 12TH 16/256GB | C33: 8470.50.10 | D33: Não | E33: 3 anos | F33: 0.15 | G33: =IF(Table1[[#This Row],[PPB]]="Sim",0.12,0.04) -> 0.04 | K33: {=IF(AND(Table1[[#This Row],[NATUREZA OPERAÇÃO]]="REVENDA",Table1[[#This Row],[IE?]]="SIM"),INDEX(IMPOSTOS!E:E,MATCH(1,(IMPOSTOS!B:B=Table1[[#This Row],[NCM]])*(IMPOSTOS!C:C=Table1[[#This Row],[ESTADO DESTINO]])*(IMPOSTOS!D:D=Table1[[#This Row],[ICMS]]),0)),IF(AND(Table1[[#This Row],[NATUREZA OPERAÇÃO]]="CONSUMO",Table1[[#This Row],[IE?]]="SIM"),INDEX(IMPOSTOS!F:F,MATCH(1,(IMPOSTOS!B:B=Table1[[#This Row],[NCM]])*(IMPOSTOS!C:C=Table1[[#This Row],[ESTADO DESTINO]])*(IMPOSTOS!D:D=Table1[[#This Row],[ICMS]]),0)),IF(AND(Table1[[#This Row],[NATUREZA OPERAÇÃO]]="CONSUMO",Table1[[#This Row],[IE?]]="NÃO"),INDEX(IMPOSTOS!G:G,MATCH(1,(IMPOSTOS!B:B=Table1[[#This Row],[NCM]])*(IMPOSTOS!C:C=Table1[[#This Row],[ESTADO DESTINO]])*(IMPOSTOS!D:D=Table1[[#This Row],[ICMS]]),0)),"NÃO ENCONTRADO")))} -> NÃO ENCONTRADO | L33: 1218.7805 | M33: =L33*1.23 -> 1499.1 | N33: =L33*1.2 -> 1462.5366 | O33: =L33*1.17 -> 1425.9732 | P33: =(L33+O33)/2 -> 1322.3768 | Q33: =L33*1.01249086924762 -> 1234.0041 | R33: =IFERROR(_xlfn.XLOOKUP(A33,'2025 NOV'!A:A,'2025 NOV'!L:L),"NÃO TEM NA LISTA 2025") -> NÃO TEM NA LISTA 2025 | S33: PDV | T33: I5 | U33: 15.6 | V33: N/A | W33: N/A | X33: 16 | Y33: 256
A34: 921LB662200733 | B34: CX REG SIRIUS PC 15.6" I5 -12TH 8/256GB +11.6" TOUCH | C34: 8470.50.10 | D34: Não | E34: 3 anos | F34: 0.15 | G34: =IF(Table1[[#This Row],[PPB]]="Sim",0.12,0.04) -> 0.04 | K34: {=IF(AND(Table1[[#This Row],[NATUREZA OPERAÇÃO]]="REVENDA",Table1[[#This Row],[IE?]]="SIM"),INDEX(IMPOSTOS!E:E,MATCH(1,(IMPOSTOS!B:B=Table1[[#This Row],[NCM]])*(IMPOSTOS!C:C=Table1[[#This Row],[ESTADO DESTINO]])*(IMPOSTOS!D:D=Table1[[#This Row],[ICMS]]),0)),IF(AND(Table1[[#This Row],[NATUREZA OPERAÇÃO]]="CONSUMO",Table1[[#This Row],[IE?]]="SIM"),INDEX(IMPOSTOS!F:F,MATCH(1,(IMPOSTOS!B:B=Table1[[#This Row],[NCM]])*(IMPOSTOS!C:C=Table1[[#This Row],[ESTADO DESTINO]])*(IMPOSTOS!D:D=Table1[[#This Row],[ICMS]]),0)),IF(AND(Table1[[#This Row],[NATUREZA OPERAÇÃO]]="CONSUMO",Table1[[#This Row],[IE?]]="NÃO"),INDEX(IMPOSTOS!G:G,MATCH(1,(IMPOSTOS!B:B=Table1[[#This Row],[NCM]])*(IMPOSTOS!C:C=Table1[[#This Row],[ESTADO DESTINO]])*(IMPOSTOS!D:D=Table1[[#This Row],[ICMS]]),0)),"NÃO ENCONTRADO")))} -> NÃO ENCONTRADO | L34: 1198.3012 | M34: =L34*1.23 -> 1473.9105 | N34: =L34*1.2 -> 1437.9615 | O34: =L34*1.17 -> 1402.0125 | P34: =(L34+O34)/2 -> 1300.1569 | Q34: =L34*1.01249086924762 -> 1213.2691 | R34: =IFERROR(_xlfn.XLOOKUP(A34,'2025 NOV'!A:A,'2025 NOV'!L:L),"NÃO TEM NA LISTA 2025") -> 1105.7488 | S34: PDV | T34: I5 | U34: 15.6 | V34: 11.6 | W34: SIM | X34: 8 | Y34: 256
A35: 921LB662800733 | B35: CX REG SIRIUS PC 15.6" PCAP I5 12TH 8/256GB WIN PRO | C35: 8470.50.10 | D35: Não | E35: 3 anos | F35: 0.15 | G35: =IF(Table1[[#This Row],[PPB]]="Sim",0.12,0.04) -> 0.04 | K35: {=IF(AND(Table1[[#This Row],[NATUREZA OPERAÇÃO]]="REVENDA",Table1[[#This Row],[IE?]]="SIM"),INDEX(IMPOSTOS!E:E,MATCH(1,(IMPOSTOS!B:B=Table1[[#This Row],[NCM]])*(IMPOSTOS!C:C=Table1[[#This Row],[ESTADO DESTINO]])*(IMPOSTOS!D:D=Table1[[#This Row],[ICMS]]),0)),IF(AND(Table1[[#This Row],[NATUREZA OPERAÇÃO]]="CONSUMO",Table1[[#This Row],[IE?]]="SIM"),INDEX(IMPOSTOS!F:F,MATCH(1,(IMPOSTOS!B:B=Table1[[#This Row],[NCM]])*(IMPOSTOS!C:C=Table1[[#This Row],[ESTADO DESTINO]])*(IMPOSTOS!D:D=Table1[[#This Row],[ICMS]]),0)),IF(AND(Table1[[#This Row],[NATUREZA OPERAÇÃO]]="CONSUMO",Table1[[#This Row],[IE?]]="NÃO"),INDEX(IMPOSTOS!G:G,MATCH(1,(IMPOSTOS!B:B=Table1[[#This Row],[NCM]])*(IMPOSTOS!C:C=Table1[[#This Row],[ESTADO DESTINO]])*(IMPOSTOS!D:D=Table1[[#This Row],[ICMS]]),0)),"NÃO ENCONTRADO")))} -> NÃO ENCONTRADO | L35: 1188.1029 | M35: =L35*1.23 -> 1461.3666 | N35: =L35*1.2 -> 1425.7235 | O35: =L35*1.17 -> 1390.0804 | P35: =(L35+O35)/2 -> 1289.0916 | Q35: =L35*1.01249086924762 -> 1202.9433 | R35: =IFERROR(_xlfn.XLOOKUP(A35,'2025 NOV'!A:A,'2025 NOV'!L:L),"NÃO TEM NA LISTA 2025") -> NÃO TEM NA LISTA 2025 | S35: PDV | T35: I5 | U35: 15.6 | V35: N/A | W35: N/A | X35: 8 | Y35: 256
A36: 921LB660100L33 | B36: CX REG SIRIUS 15.6 PCAP I5 7USB WIFI+BT BRA | C36: 8470.50.10 | D36: Não | E36: 3 anos | F36: 0.15 | G36: =IF(Table1[[#This Row],[PPB]]="Sim",0.12,0.04) -> 0.04 | K36: {=IF(AND(Table1[[#This Row],[NATUREZA OPERAÇÃO]]="REVENDA",Table1[[#This Row],[IE?]]="SIM"),INDEX(IMPOSTOS!E:E,MATCH(1,(IMPOSTOS!B:B=Table1[[#This Row],[NCM]])*(IMPOSTOS!C:C=Table1[[#This Row],[ESTADO DESTINO]])*(IMPOSTOS!D:D=Table1[[#This Row],[ICMS]]),0)),IF(AND(Table1[[#This Row],[NATUREZA OPERAÇÃO]]="CONSUMO",Table1[[#This Row],[IE?]]="SIM"),INDEX(IMPOSTOS!F:F,MATCH(1,(IMPOSTOS!B:B=Table1[[#This Row],[NCM]])*(IMPOSTOS!C:C=Table1[[#This Row],[ESTADO DESTINO]])*(IMPOSTOS!D:D=Table1[[#This Row],[ICMS]]),0)),IF(AND(Table1[[#This Row],[NATUREZA OPERAÇÃO]]="CONSUMO",Table1[[#This Row],[IE?]]="NÃO"),INDEX(IMPOSTOS!G:G,MATCH(1,(IMPOSTOS!B:B=Table1[[#This Row],[NCM]])*(IMPOSTOS!C:C=Table1[[#This Row],[ESTADO DESTINO]])*(IMPOSTOS!D:D=Table1[[#This Row],[ICMS]]),0)),"NÃO ENCONTRADO")))} -> NÃO ENCONTRADO | L36: 1067.4472 | M36: =L36*1.23 -> 1312.96 | N36: =L36*1.2 -> 1280.9366 | O36: =L36*1.17 -> 1248.9132 | P36: =(L36+O36)/2 -> 1158.1802 | Q36: =L36*1.01249086924762 -> 1080.7805 | R36: =IFERROR(_xlfn.XLOOKUP(A36,'2025 NOV'!A:A,'2025 NOV'!L:L),"NÃO TEM NA LISTA 2025") -> 928.02193 | S36: PDV | T36: I5 | U36: 15.6 | V36: N/A | W36: N/A | X36: 8 | Y36: 256
A37: 921LB662000733 | B37: CX REG SIRIUS 15.6"+15.6" PCAP I5 12TH 8/256 WIFI | C37: 8470.50.10 | D37: Não | E37: 3 anos | F37: 0.15 | G37: =IF(Table1[[#This Row],[PPB]]="Sim",0.12,0.04) -> 0.04 | K37: {=IF(AND(Table1[[#This Row],[NATUREZA OPERAÇÃO]]="REVENDA",Table1[[#This Row],[IE?]]="SIM"),INDEX(IMPOSTOS!E:E,MATCH(1,(IMPOSTOS!B:B=Table1[[#This Row],[NCM]])*(IMPOSTOS!C:C=Table1[[#This Row],[ESTADO DESTINO]])*(IMPOSTOS!D:D=Table1[[#This Row],[ICMS]]),0)),IF(AND(Table1[[#This Row],[NATUREZA OPERAÇÃO]]="CONSUMO",Table1[[#This Row],[IE?]]="SIM"),INDEX(IMPOSTOS!F:F,MATCH(1,(IMPOSTOS!B:B=Table1[[#This Row],[NCM]])*(IMPOSTOS!C:C=Table1[[#This Row],[ESTADO DESTINO]])*(IMPOSTOS!D:D=Table1[[#This Row],[ICMS]]),0)),IF(AND(Table1[[#This Row],[NATUREZA OPERAÇÃO]]="CONSUMO",Table1[[#This Row],[IE?]]="NÃO"),INDEX(IMPOSTOS!G:G,MATCH(1,(IMPOSTOS!B:B=Table1[[#This Row],[NCM]])*(IMPOSTOS!C:C=Table1[[#This Row],[ESTADO DESTINO]])*(IMPOSTOS!D:D=Table1[[#This Row],[ICMS]]),0)),"NÃO ENCONTRADO")))} -> NÃO ENCONTRADO | L37: 1220.7977 | M37: =L37*1.23 -> 1501.5812 | N37: =L37*1.2 -> 1464.9573 | O37: =L37*1.17 -> 1428.3333 | P37: =(L37+O37)/2 -> 1324.5655 | Q37: =L37*1.01249086924762 -> 1236.0465 | R37: =IFERROR(_xlfn.XLOOKUP(A37,'2025 NOV'!A:A,'2025 NOV'!L:L),"NÃO TEM NA LISTA 2025") -> 1083.3236 | S37: PDV | T37: I5 | U37: 15.6 | V37: 15.6 | W37: SIM | X37: 8 | Y37: 256
A38: 08GB S/ PEDESTAL | B38: CX REG SIRIUS 15.6 PCAP I5 12TH 8/256GB WIFI - SEM PEDESTAL | C38: 8470.50.10 | D38: Não | E38: 3 anos | F38: 0.15 | G38: =IF(Table1[[#This Row],[PPB]]="Sim",0.12,0.04) -> 0.04 | K38: {=IF(AND(Table1[[#This Row],[NATUREZA OPERAÇÃO]]="REVENDA",Table1[[#This Row],[IE?]]="SIM"),INDEX(IMPOSTOS!E:E,MATCH(1,(IMPOSTOS!B:B=Table1[[#This Row],[NCM]])*(IMPOSTOS!C:C=Table1[[#This Row],[ESTADO DESTINO]])*(IMPOSTOS!D:D=Table1[[#This Row],[ICMS]]),0)),IF(AND(Table1[[#This Row],[NATUREZA OPERAÇÃO]]="CONSUMO",Table1[[#This Row],[IE?]]="SIM"),INDEX(IMPOSTOS!F:F,MATCH(1,(IMPOSTOS!B:B=Table1[[#This Row],[NCM]])*(IMPOSTOS!C:C=Table1[[#This Row],[ESTADO DESTINO]])*(IMPOSTOS!D:D=Table1[[#This Row],[ICMS]]),0)),IF(AND(Table1[[#This Row],[NATUREZA OPERAÇÃO]]="CONSUMO",Table1[[#This Row],[IE?]]="NÃO"),INDEX(IMPOSTOS!G:G,MATCH(1,(IMPOSTOS!B:B=Table1[[#This Row],[NCM]])*(IMPOSTOS!C:C=Table1[[#This Row],[ESTADO DESTINO]])*(IMPOSTOS!D:D=Table1[[#This Row],[ICMS]]),0)),"NÃO ENCONTRADO")))} -> NÃO ENCONTRADO | L38: 1040.3038 | M38: =L38*1.23 -> 1279.5736 | N38: =L38*1.2 -> 1248.3645 | O38: =L38*1.17 -> 1217.1554 | P38: =(L38+O38)/2 -> 1128.7296 | Q38: =L38*1.01249086924762 -> 1053.2981 | R38: =IFERROR(_xlfn.XLOOKUP(A38,'2025 NOV'!A:A,'2025 NOV'!L:L),"NÃO TEM NA LISTA 2025") -> NÃO TEM NA LISTA 2025 | S38: PDV | T38: I5 | U38: 15.6 | V38: N/A | W38: N/A | X38: 8 | Y38: 256
A39: 16GB S/ PEDESTAL | B39: CX REG SIRIUS 15.6 PCAP I5 12TH 16/256GB WIFI - SEM PEDESTAL | C39: 8470.50.10 | D39: Não | E39: 3 anos | F39: 0.15 | G39: =IF(Table1[[#This Row],[PPB]]="Sim",0.12,0.04) -> 0.04 | K39: {=IF(AND(Table1[[#This Row],[NATUREZA OPERAÇÃO]]="REVENDA",Table1[[#This Row],[IE?]]="SIM"),INDEX(IMPOSTOS!E:E,MATCH(1,(IMPOSTOS!B:B=Table1[[#This Row],[NCM]])*(IMPOSTOS!C:C=Table1[[#This Row],[ESTADO DESTINO]])*(IMPOSTOS!D:D=Table1[[#This Row],[ICMS]]),0)),IF(AND(Table1[[#This Row],[NATUREZA OPERAÇÃO]]="CONSUMO",Table1[[#This Row],[IE?]]="SIM"),INDEX(IMPOSTOS!F:F,MATCH(1,(IMPOSTOS!B:B=Table1[[#This Row],[NCM]])*(IMPOSTOS!C:C=Table1[[#This Row],[ESTADO DESTINO]])*(IMPOSTOS!D:D=Table1[[#This Row],[ICMS]]),0)),IF(AND(Table1[[#This Row],[NATUREZA OPERAÇÃO]]="CONSUMO",Table1[[#This Row],[IE?]]="NÃO"),INDEX(IMPOSTOS!G:G,MATCH(1,(IMPOSTOS!B:B=Table1[[#This Row],[NCM]])*(IMPOSTOS!C:C=Table1[[#This Row],[ESTADO DESTINO]])*(IMPOSTOS!D:D=Table1[[#This Row],[ICMS]]),0)),"NÃO ENCONTRADO")))} -> NÃO ENCONTRADO | L39: 1085.9742 | M39: =L39*1.23 -> 1335.7482 | N39: =L39*1.2 -> 1303.169 | O39: =L39*1.17 -> 1270.5898 | P39: =(L39+O39)/2 -> 1178.282 | Q39: =L39*1.01249086924762 -> 1099.5389 | R39: =IFERROR(_xlfn.XLOOKUP(A39,'2025 NOV'!A:A,'2025 NOV'!L:L),"NÃO TEM NA LISTA 2025") -> NÃO TEM NA LISTA 2025 | S39: PDV | T39: I5 | U39: 15.6 | V39: N/A | W39: N/A | X39: 16 | Y39: 256
A40: 16GB C/ PEDESTAL | B40: CX REG SIRIUS 15.6"+15.6" PCAP I5 12TH 16/256 WIFI | C40: 8470.50.10 | D40: Não | E40: 3 anos | F40: 0.15 | G40: =IF(Table1[[#This Row],[PPB]]="Sim",0.12,0.04) -> 0.04 | K40: {=IF(AND(Table1[[#This Row],[NATUREZA OPERAÇÃO]]="REVENDA",Table1[[#This Row],[IE?]]="SIM"),INDEX(IMPOSTOS!E:E,MATCH(1,(IMPOSTOS!B:B=Table1[[#This Row],[NCM]])*(IMPOSTOS!C:C=Table1[[#This Row],[ESTADO DESTINO]])*(IMPOSTOS!D:D=Table1[[#This Row],[ICMS]]),0)),IF(AND(Table1[[#This Row],[NATUREZA OPERAÇÃO]]="CONSUMO",Table1[[#This Row],[IE?]]="SIM"),INDEX(IMPOSTOS!F:F,MATCH(1,(IMPOSTOS!B:B=Table1[[#This Row],[NCM]])*(IMPOSTOS!C:C=Table1[[#This Row],[ESTADO DESTINO]])*(IMPOSTOS!D:D=Table1[[#This Row],[ICMS]]),0)),IF(AND(Table1[[#This Row],[NATUREZA OPERAÇÃO]]="CONSUMO",Table1[[#This Row],[IE?]]="NÃO"),INDEX(IMPOSTOS!G:G,MATCH(1,(IMPOSTOS!B:B=Table1[[#This Row],[NCM]])*(IMPOSTOS!C:C=Table1[[#This Row],[ESTADO DESTINO]])*(IMPOSTOS!D:D=Table1[[#This Row],[ICMS]]),0)),"NÃO ENCONTRADO")))} -> NÃO ENCONTRADO | L40: 1251.587 | M40: =L40*1.23 -> 1539.452 | N40: =L40*1.2 -> 1501.9044 | O40: =L40*1.17 -> 1464.3568 | P40: =(L40+O40)/2 -> 1357.9719 | Q40: =L40*1.01249086924762 -> 1267.2204 | R40: =IFERROR(_xlfn.XLOOKUP(A40,'2025 NOV'!A:A,'2025 NOV'!L:L),"NÃO TEM NA LISTA 2025") -> NÃO TEM NA LISTA 2025 | S40: PDV | T40: I5 | U40: 15.6 | V40: 15.6 | W40: SIM | X40: 16 | Y40: 256
A41: 935KY432500L33 | B41: SIRIUS AND - RK3568 2GB/16GB 15.6" PCAP | C41: 8470.50.10 | D41: Não | E41: 3 anos | F41: 0.15 | G41: =IF(Table1[[#This Row],[PPB]]="Sim",0.12,0.04) -> 0.04 | K41: {=IF(AND(Table1[[#This Row],[NATUREZA OPERAÇÃO]]="REVENDA",Table1[[#This Row],[IE?]]="SIM"),INDEX(IMPOSTOS!E:E,MATCH(1,(IMPOSTOS!B:B=Table1[[#This Row],[NCM]])*(IMPOSTOS!C:C=Table1[[#This Row],[ESTADO DESTINO]])*(IMPOSTOS!D:D=Table1[[#This Row],[ICMS]]),0)),IF(AND(Table1[[#This Row],[NATUREZA OPERAÇÃO]]="CONSUMO",Table1[[#This Row],[IE?]]="SIM"),INDEX(IMPOSTOS!F:F,MATCH(1,(IMPOSTOS!B:B=Table1[[#This Row],[NCM]])*(IMPOSTOS!C:C=Table1[[#This Row],[ESTADO DESTINO]])*(IMPOSTOS!D:D=Table1[[#This Row],[ICMS]]),0)),IF(AND(Table1[[#This Row],[NATUREZA OPERAÇÃO]]="CONSUMO",Table1[[#This Row],[IE?]]="NÃO"),INDEX(IMPOSTOS!G:G,MATCH(1,(IMPOSTOS!B:B=Table1[[#This Row],[NCM]])*(IMPOSTOS!C:C=Table1[[#This Row],[ESTADO DESTINO]])*(IMPOSTOS!D:D=Table1[[#This Row],[ICMS]]),0)),"NÃO ENCONTRADO")))} -> NÃO ENCONTRADO | L41: 549.04474 | M41: =L41*1.23 -> 675.32503 | N41: =L41*1.2 -> 658.85369 | O41: =L41*1.17 -> 642.38235 | P41: =(L41+O41)/2 -> 595.71355 | Q41: =L41*1.01249086924762 -> 555.90279 | R41: =IFERROR(_xlfn.XLOOKUP(A41,'2025 NOV'!A:A,'2025 NOV'!L:L),"NÃO TEM NA LISTA 2025") -> 461.7727 | S41: PDV | T41: ANDROID | U41: 15.6 | V41: N/A | W41: N/A | X41: 2 | Y41: 16
A42: 921LB662700733 | B42: CX REG SIRIUS AND 15.6"+11.6" PCAP 2/32 GB BRA | C42: 8470.50.10 | D42: Não | E42: 3 anos | F42: 0.15 | G42: =IF(Table1[[#This Row],[PPB]]="Sim",0.12,0.04) -> 0.04 | K42: {=IF(AND(Table1[[#This Row],[NATUREZA OPERAÇÃO]]="REVENDA",Table1[[#This Row],[IE?]]="SIM"),INDEX(IMPOSTOS!E:E,MATCH(1,(IMPOSTOS!B:B=Table1[[#This Row],[NCM]])*(IMPOSTOS!C:C=Table1[[#This Row],[ESTADO DESTINO]])*(IMPOSTOS!D:D=Table1[[#This Row],[ICMS]]),0)),IF(AND(Table1[[#This Row],[NATUREZA OPERAÇÃO]]="CONSUMO",Table1[[#This Row],[IE?]]="SIM"),INDEX(IMPOSTOS!F:F,MATCH(1,(IMPOSTOS!B:B=Table1[[#This Row],[NCM]])*(IMPOSTOS!C:C=Table1[[#This Row],[ESTADO DESTINO]])*(IMPOSTOS!D:D=Table1[[#This Row],[ICMS]]),0)),IF(AND(Table1[[#This Row],[NATUREZA OPERAÇÃO]]="CONSUMO",Table1[[#This Row],[IE?]]="NÃO"),INDEX(IMPOSTOS!G:G,MATCH(1,(IMPOSTOS!B:B=Table1[[#This Row],[NCM]])*(IMPOSTOS!C:C=Table1[[#This Row],[ESTADO DESTINO]])*(IMPOSTOS!D:D=Table1[[#This Row],[ICMS]]),0)),"NÃO ENCONTRADO")))} -> NÃO ENCONTRADO | L42: 694.97476 | M42: =L42*1.23 -> 854.81896 | N42: =L42*1.2 -> 833.96972 | O42: =L42*1.17 -> 813.12047 | P42: =(L42+O42)/2 -> 754.04762 | Q42: =L42*1.01249086924762 -> 703.6556 | R42: =IFERROR(_xlfn.XLOOKUP(A42,'2025 NOV'!A:A,'2025 NOV'!L:L),"NÃO TEM NA LISTA 2025") -> NÃO TEM NA LISTA 2025 | S42: PDV | T42: ANDROID | U42: 15.6 | V42: 11.6 | W42: SIM | X42: 2 | Y42: 32
A43: 921LB662100733 | B43: CX REG SIRIUS AND 15.6" + 11.6" 2/16GB | C43: 8470.50.10 | D43: Não | E43: 3 anos | F43: 0.15 | G43: =IF(Table1[[#This Row],[PPB]]="Sim",0.12,0.04) -> 0.04 | K43: {=IF(AND(Table1[[#This Row],[NATUREZA OPERAÇÃO]]="REVENDA",Table1[[#This Row],[IE?]]="SIM"),INDEX(IMPOSTOS!E:E,MATCH(1,(IMPOSTOS!B:B=Table1[[#This Row],[NCM]])*(IMPOSTOS!C:C=Table1[[#This Row],[ESTADO DESTINO]])*(IMPOSTOS!D:D=Table1[[#This Row],[ICMS]]),0)),IF(AND(Table1[[#This Row],[NATUREZA OPERAÇÃO]]="CONSUMO",Table1[[#This Row],[IE?]]="SIM"),INDEX(IMPOSTOS!F:F,MATCH(1,(IMPOSTOS!B:B=Table1[[#This Row],[NCM]])*(IMPOSTOS!C:C=Table1[[#This Row],[ESTADO DESTINO]])*(IMPOSTOS!D:D=Table1[[#This Row],[ICMS]]),0)),IF(AND(Table1[[#This Row],[NATUREZA OPERAÇÃO]]="CONSUMO",Table1[[#This Row],[IE?]]="NÃO"),INDEX(IMPOSTOS!G:G,MATCH(1,(IMPOSTOS!B:B=Table1[[#This Row],[NCM]])*(IMPOSTOS!C:C=Table1[[#This Row],[ESTADO DESTINO]])*(IMPOSTOS!D:D=Table1[[#This Row],[ICMS]]),0)),"NÃO ENCONTRADO")))} -> NÃO ENCONTRADO | L43: 654.28721 | M43: =L43*1.23 -> 804.77326 | N43: =L43*1.2 -> 785.14465 | O43: =L43*1.17 -> 765.51603 | P43: =(L43+O43)/2 -> 709.90162 | Q43: =L43*1.01249086924762 -> 662.45982 | R43: =IFERROR(_xlfn.XLOOKUP(A43,'2025 NOV'!A:A,'2025 NOV'!L:L),"NÃO TEM NA LISTA 2025") -> NÃO TEM NA LISTA 2025 | S43: PDV | T43: ANDROID | U43: 15.6 | V43: 11.6 | W43: NÃO | X43: 2 | Y43: 16
A44: 935KY432400L33 | B44: CX REG VEGA AND 11 11.6" RK3568 4/16 GB IMP TER 80MM | C44: 8470.50.10 | D44: Não | E44: 3 anos | F44: 0.15 | G44: =IF(Table1[[#This Row],[PPB]]="Sim",0.12,0.04) -> 0.04 | K44: {=IF(AND(Table1[[#This Row],[NATUREZA OPERAÇÃO]]="REVENDA",Table1[[#This Row],[IE?]]="SIM"),INDEX(IMPOSTOS!E:E,MATCH(1,(IMPOSTOS!B:B=Table1[[#This Row],[NCM]])*(IMPOSTOS!C:C=Table1[[#This Row],[ESTADO DESTINO]])*(IMPOSTOS!D:D=Table1[[#This Row],[ICMS]]),0)),IF(AND(Table1[[#This Row],[NATUREZA OPERAÇÃO]]="CONSUMO",Table1[[#This Row],[IE?]]="SIM"),INDEX(IMPOSTOS!F:F,MATCH(1,(IMPOSTOS!B:B=Table1[[#This Row],[NCM]])*(IMPOSTOS!C:C=Table1[[#This Row],[ESTADO DESTINO]])*(IMPOSTOS!D:D=Table1[[#This Row],[ICMS]]),0)),IF(AND(Table1[[#This Row],[NATUREZA OPERAÇÃO]]="CONSUMO",Table1[[#This Row],[IE?]]="NÃO"),INDEX(IMPOSTOS!G:G,MATCH(1,(IMPOSTOS!B:B=Table1[[#This Row],[NCM]])*(IMPOSTOS!C:C=Table1[[#This Row],[ESTADO DESTINO]])*(IMPOSTOS!D:D=Table1[[#This Row],[ICMS]]),0)),"NÃO ENCONTRADO")))} -> NÃO ENCONTRADO | L44: 638.86179 | M44: =L44*1.23 -> 785.8 | N44: =L44*1.2 -> 766.63415 | O44: =L44*1.17 -> 747.46829 | P44: =(L44+O44)/2 -> 693.16504 | Q44: =L44*1.01249086924762 -> 646.84173 | R44: =IFERROR(_xlfn.XLOOKUP(A44,'2025 NOV'!A:A,'2025 NOV'!L:L),"NÃO TEM NA LISTA 2025") -> 935.25327 | S44: PDV | T44: ANDROID | U44: 15.6 | V44: N/A | W44: N/A | X44: 4 | Y44: 16
A45: 935KY432400L33 | B45: CX REG VEGA AND 11 11.6" RK3568 2/16 GB IMP TER 80MM (75 pç) | C45: 8470.50.10 | D45: Não | E45: 3 anos | F45: 0.15 | G45: =IF(Table1[[#This Row],[PPB]]="Sim",0.12,0.04) -> 0.04 | K45: {=IF(AND(Table1[[#This Row],[NATUREZA OPERAÇÃO]]="REVENDA",Table1[[#This Row],[IE?]]="SIM"),INDEX(IMPOSTOS!E:E,MATCH(1,(IMPOSTOS!B:B=Table1[[#This Row],[NCM]])*(IMPOSTOS!C:C=Table1[[#This Row],[ESTADO DESTINO]])*(IMPOSTOS!D:D=Table1[[#This Row],[ICMS]]),0)),IF(AND(Table1[[#This Row],[NATUREZA OPERAÇÃO]]="CONSUMO",Table1[[#This Row],[IE?]]="SIM"),INDEX(IMPOSTOS!F:F,MATCH(1,(IMPOSTOS!B:B=Table1[[#This Row],[NCM]])*(IMPOSTOS!C:C=Table1[[#This Row],[ESTADO DESTINO]])*(IMPOSTOS!D:D=Table1[[#This Row],[ICMS]]),0)),IF(AND(Table1[[#This Row],[NATUREZA OPERAÇÃO]]="CONSUMO",Table1[[#This Row],[IE?]]="NÃO"),INDEX(IMPOSTOS!G:G,MATCH(1,(IMPOSTOS!B:B=Table1[[#This Row],[NCM]])*(IMPOSTOS!C:C=Table1[[#This Row],[ESTADO DESTINO]])*(IMPOSTOS!D:D=Table1[[#This Row],[ICMS]]),0)),"NÃO ENCONTRADO")))} -> NÃO ENCONTRADO | L45: 577.15698 | M45: =L45*1.23 -> 709.90308 | N45: =L45*1.2 -> 692.58837 | O45: =L45*1.17 -> 675.27366 | P45: =(L45+O45)/2 -> 626.21532 | Q45: =L45*1.01249086924762 -> 584.36617 | R45: =IFERROR(_xlfn.XLOOKUP(A45,'2025 NOV'!A:A,'2025 NOV'!L:L),"NÃO TEM NA LISTA 2025") -> 935.25327 | S45: PDV | T45: ANDROID | U45: 15.6 | V45: N/A | W45: N/A | X45: 2 | Y45: 16
A46: 931FL103100L33 | B46: CX REG ANTARES AND 11 15.6"+11.6" RK3568 2/32GB IMP TER 80MM (8 pç) | C46: 8470.50.10 | D46: Não | E46: 3 anos | F46: 0.15 | G46: =IF(Table1[[#This Row],[PPB]]="Sim",0.12,0.04) -> 0.04 | K46: {=IF(AND(Table1[[#This Row],[NATUREZA OPERAÇÃO]]="REVENDA",Table1[[#This Row],[IE?]]="SIM"),INDEX(IMPOSTOS!E:E,MATCH(1,(IMPOSTOS!B:B=Table1[[#This Row],[NCM]])*(IMPOSTOS!C:C=Table1[[#This Row],[ESTADO DESTINO]])*(IMPOSTOS!D:D=Table1[[#This Row],[ICMS]]),0)),IF(AND(Table1[[#This Row],[NATUREZA OPERAÇÃO]]="CONSUMO",Table1[[#This Row],[IE?]]="SIM"),INDEX(IMPOSTOS!F:F,MATCH(1,(IMPOSTOS!B:B=Table1[[#This Row],[NCM]])*(IMPOSTOS!C:C=Table1[[#This Row],[ESTADO DESTINO]])*(IMPOSTOS!D:D=Table1[[#This Row],[ICMS]]),0)),IF(AND(Table1[[#This Row],[NATUREZA OPERAÇÃO]]="CONSUMO",Table1[[#This Row],[IE?]]="NÃO"),INDEX(IMPOSTOS!G:G,MATCH(1,(IMPOSTOS!B:B=Table1[[#This Row],[NCM]])*(IMPOSTOS!C:C=Table1[[#This Row],[ESTADO DESTINO]])*(IMPOSTOS!D:D=Table1[[#This Row],[ICMS]]),0)),"NÃO ENCONTRADO")))} -> NÃO ENCONTRADO | L46: 669.01808 | M46: =L46*1.23 -> 822.89224 | N46: =L46*1.2 -> 802.8217 | O46: =L46*1.17 -> 782.75116 | P46: =(L46+O46)/2 -> 725.88462 | Q46: =L46*1.01249086924762 -> 677.3747 | R46: =IFERROR(_xlfn.XLOOKUP(A46,'2025 NOV'!A:A,'2025 NOV'!L:L),"NÃO TEM NA LISTA 2025") -> 676.99114 | S46: PDV | T46: ANDROID | U46: 15.6 | V46: 11.6 | W46: SIM | X46: 2 | Y46: 32
A47: 931FL103100L34 | B47: CX REG ANTARES AND 11 15.6"+11.6" RK3568 4/32GB IMP TER 80MM | C47: 8470.50.10 | D47: Não | E47: 4 anos | F47: 1.15 | G47: =IF(Table1[[#This Row],[PPB]]="Sim",0.12,0.04) -> 0.04 | K47: {=IF(AND(Table1[[#This Row],[NATUREZA OPERAÇÃO]]="REVENDA",Table1[[#This Row],[IE?]]="SIM"),INDEX(IMPOSTOS!E:E,MATCH(1,(IMPOSTOS!B:B=Table1[[#This Row],[NCM]])*(IMPOSTOS!C:C=Table1[[#This Row],[ESTADO DESTINO]])*(IMPOSTOS!D:D=Table1[[#This Row],[ICMS]]),0)),IF(AND(Table1[[#This Row],[NATUREZA OPERAÇÃO]]="CONSUMO",Table1[[#This Row],[IE?]]="SIM"),INDEX(IMPOSTOS!F:F,MATCH(1,(IMPOSTOS!B:B=Table1[[#This Row],[NCM]])*(IMPOSTOS!C:C=Table1[[#This Row],[ESTADO DESTINO]])*(IMPOSTOS!D:D=Table1[[#This Row],[ICMS]]),0)),IF(AND(Table1[[#This Row],[NATUREZA OPERAÇÃO]]="CONSUMO",Table1[[#This Row],[IE?]]="NÃO"),INDEX(IMPOSTOS!G:G,MATCH(1,(IMPOSTOS!B:B=Table1[[#This Row],[NCM]])*(IMPOSTOS!C:C=Table1[[#This Row],[ESTADO DESTINO]])*(IMPOSTOS!D:D=Table1[[#This Row],[ICMS]]),0)),"NÃO ENCONTRADO")))} -> NÃO ENCONTRADO | L47: 790.02439 | M47: =L47*1.23 -> 971.73 | N47: =L47*1.2 -> 948.02927 | O47: =L47*1.17 -> 924.32854 | P47: =(L47+O47)/2 -> 857.17646 | Q47: =L47*1.01249086924762 -> 799.89248 | R47: =IFERROR(_xlfn.XLOOKUP(A47,'2025 NOV'!A:A,'2025 NOV'!L:L),"NÃO TEM NA LISTA 2025") -> NÃO TEM NA LISTA 2025 | S47: PDV | T47: ANDROID | U47: 15.6 | V47: 11.6 | W47: SIM | X47: 4 | Y47: 32
A48: 921LB662600733 | B48: CX REG SIRIUS PC 15.6" N97 8/128GB | C48: 8470.50.10 | D48: Não | E48: 3 anos | F48: 0.15 | G48: =IF(Table1[[#This Row],[PPB]]="Sim",0.12,0.04) -> 0.04 | K48: {=IF(AND(Table1[[#This Row],[NATUREZA OPERAÇÃO]]="REVENDA",Table1[[#This Row],[IE?]]="SIM"),INDEX(IMPOSTOS!E:E,MATCH(1,(IMPOSTOS!B:B=Table1[[#This Row],[NCM]])*(IMPOSTOS!C:C=Table1[[#This Row],[ESTADO DESTINO]])*(IMPOSTOS!D:D=Table1[[#This Row],[ICMS]]),0)),IF(AND(Table1[[#This Row],[NATUREZA OPERAÇÃO]]="CONSUMO",Table1[[#This Row],[IE?]]="SIM"),INDEX(IMPOSTOS!F:F,MATCH(1,(IMPOSTOS!B:B=Table1[[#This Row],[NCM]])*(IMPOSTOS!C:C=Table1[[#This Row],[ESTADO DESTINO]])*(IMPOSTOS!D:D=Table1[[#This Row],[ICMS]]),0)),IF(AND(Table1[[#This Row],[NATUREZA OPERAÇÃO]]="CONSUMO",Table1[[#This Row],[IE?]]="NÃO"),INDEX(IMPOSTOS!G:G,MATCH(1,(IMPOSTOS!B:B=Table1[[#This Row],[NCM]])*(IMPOSTOS!C:C=Table1[[#This Row],[ESTADO DESTINO]])*(IMPOSTOS!D:D=Table1[[#This Row],[ICMS]]),0)),"NÃO ENCONTRADO")))} -> NÃO ENCONTRADO | L48: 894.07632 | M48: =L48*1.23 -> 1099.7139 | N48: =L48*1.2 -> 1072.8916 | O48: =L48*1.17 -> 1046.0693 | P48: =(L48+O48)/2 -> 970.0728 | Q48: =L48*1.01249086924762 -> 905.24411 | R48: =IFERROR(_xlfn.XLOOKUP(A48,'2025 NOV'!A:A,'2025 NOV'!L:L),"NÃO TEM NA LISTA 2025") -> NÃO TEM NA LISTA 2025 | S48: PDV | T48: N97 | U48: 15.6 | V48: N/A | W48: N/A | X48: 8 | Y48: 128
A49: 935RE010100L33 | B49: ORION 21.5"J6412 - RAM 8GB - SSD 128GB | C49: 8470.50.10 | G49: =IF(Table1[[#This Row],[PPB]]="Sim",0.12,0.04) -> 0.04 | K49: {=IF(AND(Table1[[#This Row],[NATUREZA OPERAÇÃO]]="REVENDA",Table1[[#This Row],[IE?]]="SIM"),INDEX(IMPOSTOS!E:E,MATCH(1,(IMPOSTOS!B:B=Table1[[#This Row],[NCM]])*(IMPOSTOS!C:C=Table1[[#This Row],[ESTADO DESTINO]])*(IMPOSTOS!D:D=Table1[[#This Row],[ICMS]]),0)),IF(AND(Table1[[#This Row],[NATUREZA OPERAÇÃO]]="CONSUMO",Table1[[#This Row],[IE?]]="SIM"),INDEX(IMPOSTOS!F:F,MATCH(1,(IMPOSTOS!B:B=Table1[[#This Row],[NCM]])*(IMPOSTOS!C:C=Table1[[#This Row],[ESTADO DESTINO]])*(IMPOSTOS!D:D=Table1[[#This Row],[ICMS]]),0)),IF(AND(Table1[[#This Row],[NATUREZA OPERAÇÃO]]="CONSUMO",Table1[[#This Row],[IE?]]="NÃO"),INDEX(IMPOSTOS!G:G,MATCH(1,(IMPOSTOS!B:B=Table1[[#This Row],[NCM]])*(IMPOSTOS!C:C=Table1[[#This Row],[ESTADO DESTINO]])*(IMPOSTOS!D:D=Table1[[#This Row],[ICMS]]),0)),"NÃO ENCONTRADO")))} -> NÃO ENCONTRADO | L49: 826.78638 | M49: =L49*1.23 -> 1016.9473 | N49: =L49*1.2 -> 992.14366 | O49: =L49*1.17 -> 967.34007 | P49: =(L49+O49)/2 -> 897.06322 | Q49: =L49*1.01249086924762 -> 837.11366 | R49: =IFERROR(_xlfn.XLOOKUP(A49,'2025 NOV'!A:A,'2025 NOV'!L:L),"NÃO TEM NA LISTA 2025") -> 714.18089 | S49: PDV | T49: J6412 | U49: 21.5 | V49: N/A | W49: N/A | X49: 8 | Y49: 128
A50: 935RE010200L33 | B50: ORION 23.8"J6412 - RAM 8GB - SSD 128GB | C50: 8470.50.10 | G50: =IF(Table1[[#This Row],[PPB]]="Sim",0.12,0.04) -> 0.04 | K50: {=IF(AND(Table1[[#This Row],[NATUREZA OPERAÇÃO]]="REVENDA",Table1[[#This Row],[IE?]]="SIM"),INDEX(IMPOSTOS!E:E,MATCH(1,(IMPOSTOS!B:B=Table1[[#This Row],[NCM]])*(IMPOSTOS!C:C=Table1[[#This Row],[ESTADO DESTINO]])*(IMPOSTOS!D:D=Table1[[#This Row],[ICMS]]),0)),IF(AND(Table1[[#This Row],[NATUREZA OPERAÇÃO]]="CONSUMO",Table1[[#This Row],[IE?]]="SIM"),INDEX(IMPOSTOS!F:F,MATCH(1,(IMPOSTOS!B:B=Table1[[#This Row],[NCM]])*(IMPOSTOS!C:C=Table1[[#This Row],[ESTADO DESTINO]])*(IMPOSTOS!D:D=Table1[[#This Row],[ICMS]]),0)),IF(AND(Table1[[#This Row],[NATUREZA OPERAÇÃO]]="CONSUMO",Table1[[#This Row],[IE?]]="NÃO"),INDEX(IMPOSTOS!G:G,MATCH(1,(IMPOSTOS!B:B=Table1[[#This Row],[NCM]])*(IMPOSTOS!C:C=Table1[[#This Row],[ESTADO DESTINO]])*(IMPOSTOS!D:D=Table1[[#This Row],[ICMS]]),0)),"NÃO ENCONTRADO")))} -> NÃO ENCONTRADO | L50: 890.04523 | M50: =L50*1.23 -> 1094.7556 | N50: =L50*1.2 -> 1068.0543 | O50: =L50*1.17 -> 1041.3529 | P50: =(L50+O50)/2 -> 965.69908 | Q50: =L50*1.01249086924762 -> 901.16267 | R50: =IFERROR(_xlfn.XLOOKUP(A50,'2025 NOV'!A:A,'2025 NOV'!L:L),"NÃO TEM NA LISTA 2025") -> 766.86636 | S50: PDV | T50: J6412 | U50: 23.8 | V50: N/A | W50: N/A | X50: 8 | Y50: 128
A51: 935RE010300L33 | B51: ORION 27"J6412 - RAM 8GB - SSD 128GB | C51: 8470.50.10 | G51: =IF(Table1[[#This Row],[PPB]]="Sim",0.12,0.04) -> 0.04 | K51: {=IF(AND(Table1[[#This Row],[NATUREZA OPERAÇÃO]]="REVENDA",Table1[[#This Row],[IE?]]="SIM"),INDEX(IMPOSTOS!E:E,MATCH(1,(IMPOSTOS!B:B=Table1[[#This Row],[NCM]])*(IMPOSTOS!C:C=Table1[[#This Row],[ESTADO DESTINO]])*(IMPOSTOS!D:D=Table1[[#This Row],[ICMS]]),0)),IF(AND(Table1[[#This Row],[NATUREZA OPERAÇÃO]]="CONSUMO",Table1[[#This Row],[IE?]]="SIM"),INDEX(IMPOSTOS!F:F,MATCH(1,(IMPOSTOS!B:B=Table1[[#This Row],[NCM]])*(IMPOSTOS!C:C=Table1[[#This Row],[ESTADO DESTINO]])*(IMPOSTOS!D:D=Table1[[#This Row],[ICMS]]),0)),IF(AND(Table1[[#This Row],[NATUREZA OPERAÇÃO]]="CONSUMO",Table1[[#This Row],[IE?]]="NÃO"),INDEX(IMPOSTOS!G:G,MATCH(1,(IMPOSTOS!B:B=Table1[[#This Row],[NCM]])*(IMPOSTOS!C:C=Table1[[#This Row],[ESTADO DESTINO]])*(IMPOSTOS!D:D=Table1[[#This Row],[ICMS]]),0)),"NÃO ENCONTRADO")))} -> NÃO ENCONTRADO | L51: 923.37517 | M51: =L51*1.23 -> 1135.7515 | N51: =L51*1.2 -> 1108.0502 | O51: =L51*1.17 -> 1080.3489 | P51: =(L51+O51)/2 -> 1001.8621 | Q51: =L51*1.01249086924762 -> 934.90892 | R51: =IFERROR(_xlfn.XLOOKUP(A51,'2025 NOV'!A:A,'2025 NOV'!L:L),"NÃO TEM NA LISTA 2025") -> 797.16912 | S51: PDV | T51: J6412 | U51: 27 | V51: N/A | W51: N/A | X51: 8 | Y51: 128
A52: 935RE010400L33 | B52: ORION 21.5" I5 12gen - RAM 8GB - SSD 128GB | C52: 8470.50.10 | G52: =IF(Table1[[#This Row],[PPB]]="Sim",0.12,0.04) -> 0.04 | K52: {=IF(AND(Table1[[#This Row],[NATUREZA OPERAÇÃO]]="REVENDA",Table1[[#This Row],[IE?]]="SIM"),INDEX(IMPOSTOS!E:E,MATCH(1,(IMPOSTOS!B:B=Table1[[#This Row],[NCM]])*(IMPOSTOS!C:C=Table1[[#This Row],[ESTADO DESTINO]])*(IMPOSTOS!D:D=Table1[[#This Row],[ICMS]]),0)),IF(AND(Table1[[#This Row],[NATUREZA OPERAÇÃO]]="CONSUMO",Table1[[#This Row],[IE?]]="SIM"),INDEX(IMPOSTOS!F:F,MATCH(1,(IMPOSTOS!B:B=Table1[[#This Row],[NCM]])*(IMPOSTOS!C:C=Table1[[#This Row],[ESTADO DESTINO]])*(IMPOSTOS!D:D=Table1[[#This Row],[ICMS]]),0)),IF(AND(Table1[[#This Row],[NATUREZA OPERAÇÃO]]="CONSUMO",Table1[[#This Row],[IE?]]="NÃO"),INDEX(IMPOSTOS!G:G,MATCH(1,(IMPOSTOS!B:B=Table1[[#This Row],[NCM]])*(IMPOSTOS!C:C=Table1[[#This Row],[ESTADO DESTINO]])*(IMPOSTOS!D:D=Table1[[#This Row],[ICMS]]),0)),"NÃO ENCONTRADO")))} -> NÃO ENCONTRADO | L52: 1135.9385 | M52: =L52*1.23 -> 1397.2044 | N52: =L52*1.2 -> 1363.1262 | O52: =L52*1.17 -> 1329.0481 | P52: =(L52+O52)/2 -> 1232.4933 | Q52: =L52*1.01249086924762 -> 1150.1274 | R52: =IFERROR(_xlfn.XLOOKUP(A52,'2025 NOV'!A:A,'2025 NOV'!L:L),"NÃO TEM NA LISTA 2025") -> 1070.927 | S52: PDV | T52: I5 | U52: 21.5 | V52: N/A | W52: N/A | X52: 8 | Y52: 128
A53: 935RE010500L33 | B53: ORION 23.8" I5 12gen - RAM 8GB - SSD 128GB | C53: 8470.50.10 | G53: =IF(Table1[[#This Row],[PPB]]="Sim",0.12,0.04) -> 0.04 | K53: {=IF(AND(Table1[[#This Row],[NATUREZA OPERAÇÃO]]="REVENDA",Table1[[#This Row],[IE?]]="SIM"),INDEX(IMPOSTOS!E:E,MATCH(1,(IMPOSTOS!B:B=Table1[[#This Row],[NCM]])*(IMPOSTOS!C:C=Table1[[#This Row],[ESTADO DESTINO]])*(IMPOSTOS!D:D=Table1[[#This Row],[ICMS]]),0)),IF(AND(Table1[[#This Row],[NATUREZA OPERAÇÃO]]="CONSUMO",Table1[[#This Row],[IE?]]="SIM"),INDEX(IMPOSTOS!F:F,MATCH(1,(IMPOSTOS!B:B=Table1[[#This Row],[NCM]])*(IMPOSTOS!C:C=Table1[[#This Row],[ESTADO DESTINO]])*(IMPOSTOS!D:D=Table1[[#This Row],[ICMS]]),0)),IF(AND(Table1[[#This Row],[NATUREZA OPERAÇÃO]]="CONSUMO",Table1[[#This Row],[IE?]]="NÃO"),INDEX(IMPOSTOS!G:G,MATCH(1,(IMPOSTOS!B:B=Table1[[#This Row],[NCM]])*(IMPOSTOS!C:C=Table1[[#This Row],[ESTADO DESTINO]])*(IMPOSTOS!D:D=Table1[[#This Row],[ICMS]]),0)),"NÃO ENCONTRADO")))} -> NÃO ENCONTRADO | L53: 1197.837 | M53: =L53*1.23 -> 1473.3395 | N53: =L53*1.2 -> 1437.4043 | O53: =L53*1.17 -> 1401.4692 | P53: =(L53+O53)/2 -> 1299.6531 | Q53: =L53*1.01249086924762 -> 1212.799 | R53: =IFERROR(_xlfn.XLOOKUP(A53,'2025 NOV'!A:A,'2025 NOV'!L:L),"NÃO TEM NA LISTA 2025") -> 1121.5464 | S53: PDV | T53: I5 | U53: 23.8 | V53: N/A | W53: N/A | X53: 8 | Y53: 128
A54: 935RE010600L33 | B54: ORION 27" I5 12gen - RAM 8GB - SSD 128GB | C54: 8470.50.10 | G54: =IF(Table1[[#This Row],[PPB]]="Sim",0.12,0.04) -> 0.04 | K54: {=IF(AND(Table1[[#This Row],[NATUREZA OPERAÇÃO]]="REVENDA",Table1[[#This Row],[IE?]]="SIM"),INDEX(IMPOSTOS!E:E,MATCH(1,(IMPOSTOS!B:B=Table1[[#This Row],[NCM]])*(IMPOSTOS!C:C=Table1[[#This Row],[ESTADO DESTINO]])*(IMPOSTOS!D:D=Table1[[#This Row],[ICMS]]),0)),IF(AND(Table1[[#This Row],[NATUREZA OPERAÇÃO]]="CONSUMO",Table1[[#This Row],[IE?]]="SIM"),INDEX(IMPOSTOS!F:F,MATCH(1,(IMPOSTOS!B:B=Table1[[#This Row],[NCM]])*(IMPOSTOS!C:C=Table1[[#This Row],[ESTADO DESTINO]])*(IMPOSTOS!D:D=Table1[[#This Row],[ICMS]]),0)),IF(AND(Table1[[#This Row],[NATUREZA OPERAÇÃO]]="CONSUMO",Table1[[#This Row],[IE?]]="NÃO"),INDEX(IMPOSTOS!G:G,MATCH(1,(IMPOSTOS!B:B=Table1[[#This Row],[NCM]])*(IMPOSTOS!C:C=Table1[[#This Row],[ESTADO DESTINO]])*(IMPOSTOS!D:D=Table1[[#This Row],[ICMS]]),0)),"NÃO ENCONTRADO")))} -> NÃO ENCONTRADO | L54: 1233.2075 | M54: =L54*1.23 -> 1516.8452 | N54: =L54*1.2 -> 1479.849 | O54: =L54*1.17 -> 1442.8528 | P54: =(L54+O54)/2 -> 1338.0301 | Q54: =L54*1.01249086924762 -> 1248.6113 | R54: =IFERROR(_xlfn.XLOOKUP(A54,'2025 NOV'!A:A,'2025 NOV'!L:L),"NÃO TEM NA LISTA 2025") -> 1157.7031 | S54: PDV | T54: I5 | U54: 27 | V54: N/A | W54: N/A | X54: 8 | Y54: 128
A55: LICENÇA WIN | B55: LICENÇA WIN IOT X PCPOS (CELERON) | G55: =IF(Table1[[#This Row],[PPB]]="Sim",0.12,0.04) -> 0.04 | K55: {=IF(AND(Table1[[#This Row],[NATUREZA OPERAÇÃO]]="REVENDA",Table1[[#This Row],[IE?]]="SIM"),INDEX(IMPOSTOS!E:E,MATCH(1,(IMPOSTOS!B:B=Table1[[#This Row],[NCM]])*(IMPOSTOS!C:C=Table1[[#This Row],[ESTADO DESTINO]])*(IMPOSTOS!D:D=Table1[[#This Row],[ICMS]]),0)),IF(AND(Table1[[#This Row],[NATUREZA OPERAÇÃO]]="CONSUMO",Table1[[#This Row],[IE?]]="SIM"),INDEX(IMPOSTOS!F:F,MATCH(1,(IMPOSTOS!B:B=Table1[[#This Row],[NCM]])*(IMPOSTOS!C:C=Table1[[#This Row],[ESTADO DESTINO]])*(IMPOSTOS!D:D=Table1[[#This Row],[ICMS]]),0)),IF(AND(Table1[[#This Row],[NATUREZA OPERAÇÃO]]="CONSUMO",Table1[[#This Row],[IE?]]="NÃO"),INDEX(IMPOSTOS!G:G,MATCH(1,(IMPOSTOS!B:B=Table1[[#This Row],[NCM]])*(IMPOSTOS!C:C=Table1[[#This Row],[ESTADO DESTINO]])*(IMPOSTOS!D:D=Table1[[#This Row],[ICMS]]),0)),"NÃO ENCONTRADO")))} -> NÃO ENCONTRADO | L55: 104.82927 | M55: =L55*1.23 -> 128.94 | N55: =L55*1.2 -> 125.79512 | O55: =L55*1.17 -> 122.65024 | P55: =(L55+O55)/2 -> 113.73976 | Q55: =L55*1.01249086924762 -> 106.13868 | R55: =IFERROR(_xlfn.XLOOKUP(A55,'2025 NOV'!A:A,'2025 NOV'!L:L),"NÃO TEM NA LISTA 2025") -> NÃO TEM NA LISTA 2025 | S55: PDV | T55: N/A | U55: N/A | V55: N/A | W55: N/A | X55: N/A | Y55: N/A
A56: Windows 11 PRO | B56: Windows 11 PRO COEM (FQC-10520) (I3 - I5) | G56: =IF(Table1[[#This Row],[PPB]]="Sim",0.12,0.04) -> 0.04 | K56: {=IF(AND(Table1[[#This Row],[NATUREZA OPERAÇÃO]]="REVENDA",Table1[[#This Row],[IE?]]="SIM"),INDEX(IMPOSTOS!E:E,MATCH(1,(IMPOSTOS!B:B=Table1[[#This Row],[NCM]])*(IMPOSTOS!C:C=Table1[[#This Row],[ESTADO DESTINO]])*(IMPOSTOS!D:D=Table1[[#This Row],[ICMS]]),0)),IF(AND(Table1[[#This Row],[NATUREZA OPERAÇÃO]]="CONSUMO",Table1[[#This Row],[IE?]]="SIM"),INDEX(IMPOSTOS!F:F,MATCH(1,(IMPOSTOS!B:B=Table1[[#This Row],[NCM]])*(IMPOSTOS!C:C=Table1[[#This Row],[ESTADO DESTINO]])*(IMPOSTOS!D:D=Table1[[#This Row],[ICMS]]),0)),IF(AND(Table1[[#This Row],[NATUREZA OPERAÇÃO]]="CONSUMO",Table1[[#This Row],[IE?]]="NÃO"),INDEX(IMPOSTOS!G:G,MATCH(1,(IMPOSTOS!B:B=Table1[[#This Row],[NCM]])*(IMPOSTOS!C:C=Table1[[#This Row],[ESTADO DESTINO]])*(IMPOSTOS!D:D=Table1[[#This Row],[ICMS]]),0)),"NÃO ENCONTRADO")))} -> NÃO ENCONTRADO | L56: 123.8374 | M56: =L56*1.23 -> 152.32 | N56: =L56*1.2 -> 148.60488 | O56: =L56*1.17 -> 144.88976 | P56: =(L56+O56)/2 -> 134.36358 | Q56: =L56*1.01249086924762 -> 125.38424 | R56: =IFERROR(_xlfn.XLOOKUP(A56,'2025 NOV'!A:A,'2025 NOV'!L:L),"NÃO TEM NA LISTA 2025") -> NÃO TEM NA LISTA 2025 | S56: PDV | T56: N/A | U56: N/A | V56: N/A | W56: N/A | X56: N/A | Y56: N/A
A57: 911MX010400733 | B57: IMP TERM P3L 80MM USB ETH RS232 BRA | C57: 8443.32.99 | D57: Não | E57: 3 anos | F57: 0.15 | G57: =IF(Table1[[#This Row],[PPB]]="Sim",0.12,0.04) -> 0.04 | H57: SP | I57: CONSUMO | J57: SIM | K57: {=IF(AND(Table1[[#This Row],[NATUREZA OPERAÇÃO]]="REVENDA",Table1[[#This Row],[IE?]]="SIM"),INDEX(IMPOSTOS!E:E,MATCH(1,(IMPOSTOS!B:B=Table1[[#This Row],[NCM]])*(IMPOSTOS!C:C=Table1[[#This Row],[ESTADO DESTINO]])*(IMPOSTOS!D:D=Table1[[#This Row],[ICMS]]),0)),IF(AND(Table1[[#This Row],[NATUREZA OPERAÇÃO]]="CONSUMO",Table1[[#This Row],[IE?]]="SIM"),INDEX(IMPOSTOS!F:F,MATCH(1,(IMPOSTOS!B:B=Table1[[#This Row],[NCM]])*(IMPOSTOS!C:C=Table1[[#This Row],[ESTADO DESTINO]])*(IMPOSTOS!D:D=Table1[[#This Row],[ICMS]]),0)),IF(AND(Table1[[#This Row],[NATUREZA OPERAÇÃO]]="CONSUMO",Table1[[#This Row],[IE?]]="NÃO"),INDEX(IMPOSTOS!G:G,MATCH(1,(IMPOSTOS!B:B=Table1[[#This Row],[NCM]])*(IMPOSTOS!C:C=Table1[[#This Row],[ESTADO DESTINO]])*(IMPOSTOS!D:D=Table1[[#This Row],[ICMS]]),0)),"NÃO ENCONTRADO")))} -> 0.0909 | L57: 67.504065 | M57: =L57*1.23 -> 83.03 | N57: =L57*1.2 -> 81.004878 | O57: =L57*1.17 -> 78.979756 | P57: =(L57+O57)/2 -> 73.241911 | Q57: =L57*1.01249086924762 -> 68.347249 | R57: =IFERROR(_xlfn.XLOOKUP(A57,'2025 NOV'!A:A,'2025 NOV'!L:L),"NÃO TEM NA LISTA 2025") -> 67.797541 | S57: IMPRESSORA DESKTOP | T57: N/A | U57: N/A | V57: N/A | W57: N/A | X57: N/A | Y57: N/A
A58: 911MK010200233 | B58: IMP TERM ETQ D4 102 PRETA USB BRA | C58: 8443.32.99 | D58: Não | E58: 1 ano | F58: 0.15 | G58: =IF(Table1[[#This Row],[PPB]]="Sim",0.12,0.04) -> 0.04 | K58: {=IF(AND(Table1[[#This Row],[NATUREZA OPERAÇÃO]]="REVENDA",Table1[[#This Row],[IE?]]="SIM"),INDEX(IMPOSTOS!E:E,MATCH(1,(IMPOSTOS!B:B=Table1[[#This Row],[NCM]])*(IMPOSTOS!C:C=Table1[[#This Row],[ESTADO DESTINO]])*(IMPOSTOS!D:D=Table1[[#This Row],[ICMS]]),0)),IF(AND(Table1[[#This Row],[NATUREZA OPERAÇÃO]]="CONSUMO",Table1[[#This Row],[IE?]]="SIM"),INDEX(IMPOSTOS!F:F,MATCH(1,(IMPOSTOS!B:B=Table1[[#This Row],[NCM]])*(IMPOSTOS!C:C=Table1[[#This Row],[ESTADO DESTINO]])*(IMPOSTOS!D:D=Table1[[#This Row],[ICMS]]),0)),IF(AND(Table1[[#This Row],[NATUREZA OPERAÇÃO]]="CONSUMO",Table1[[#This Row],[IE?]]="NÃO"),INDEX(IMPOSTOS!G:G,MATCH(1,(IMPOSTOS!B:B=Table1[[#This Row],[NCM]])*(IMPOSTOS!C:C=Table1[[#This Row],[ESTADO DESTINO]])*(IMPOSTOS!D:D=Table1[[#This Row],[ICMS]]),0)),"NÃO ENCONTRADO")))} -> NÃO ENCONTRADO | L58: 171.10334 | M58: =L58*1.23 -> 210.4571 | N58: =L58*1.2 -> 205.324 | O58: =L58*1.17 -> 200.1909 | P58: =(L58+O58)/2 -> 185.64712 | Q58: =L58*1.01249086924762 -> 173.24057 | R58: =IFERROR(_xlfn.XLOOKUP(A58,'2025 NOV'!A:A,'2025 NOV'!L:L),"NÃO TEM NA LISTA 2025") -> 173.24057 | S58: IMPRESSORA DESKTOP | T58: N/A | U58: N/A | V58: N/A | W58: N/A | X58: N/A | Y58: N/A
A59: 979MK020000001 | B59: Placa ETH D4 | C59: 8443.32.99 | D59: Não | G59: =IF(Table1[[#This Row],[PPB]]="Sim",0.12,0.04) -> 0.04 | K59: {=IF(AND(Table1[[#This Row],[NATUREZA OPERAÇÃO]]="REVENDA",Table1[[#This Row],[IE?]]="SIM"),INDEX(IMPOSTOS!E:E,MATCH(1,(IMPOSTOS!B:B=Table1[[#This Row],[NCM]])*(IMPOSTOS!C:C=Table1[[#This Row],[ESTADO DESTINO]])*(IMPOSTOS!D:D=Table1[[#This Row],[ICMS]]),0)),IF(AND(Table1[[#This Row],[NATUREZA OPERAÇÃO]]="CONSUMO",Table1[[#This Row],[IE?]]="SIM"),INDEX(IMPOSTOS!F:F,MATCH(1,(IMPOSTOS!B:B=Table1[[#This Row],[NCM]])*(IMPOSTOS!C:C=Table1[[#This Row],[ESTADO DESTINO]])*(IMPOSTOS!D:D=Table1[[#This Row],[ICMS]]),0)),IF(AND(Table1[[#This Row],[NATUREZA OPERAÇÃO]]="CONSUMO",Table1[[#This Row],[IE?]]="NÃO"),INDEX(IMPOSTOS!G:G,MATCH(1,(IMPOSTOS!B:B=Table1[[#This Row],[NCM]])*(IMPOSTOS!C:C=Table1[[#This Row],[ESTADO DESTINO]])*(IMPOSTOS!D:D=Table1[[#This Row],[ICMS]]),0)),"NÃO ENCONTRADO")))} -> NÃO ENCONTRADO | L59: 75.944428 | M59: =L59*1.23 -> 93.411646 | N59: =L59*1.2 -> 91.133313 | O59: =L59*1.17 -> 88.85498 | P59: =(L59+O59)/2 -> 82.399704 | Q59: =L59*1.01249086924762 -> 76.89304 | R59: =IFERROR(_xlfn.XLOOKUP(A59,'2025 NOV'!A:A,'2025 NOV'!L:L),"NÃO TEM NA LISTA 2025") -> NÃO TEM NA LISTA 2025 | S59: IMPRESSORA DESKTOP | T59: N/A | U59: N/A | V59: N/A | W59: N/A | X59: N/A | Y59: N/A
A60: 911LB640200J33 | B60: IMP ETIQUETAS CB425-LP | C60: 8443.32.99 | D60: Não | E60: 1 ano | F60: 0.15 | G60: =IF(Table1[[#This Row],[PPB]]="Sim",0.12,0.04) -> 0.04 | K60: {=IF(AND(Table1[[#This Row],[NATUREZA OPERAÇÃO]]="REVENDA",Table1[[#This Row],[IE?]]="SIM"),INDEX(IMPOSTOS!E:E,MATCH(1,(IMPOSTOS!B:B=Table1[[#This Row],[NCM]])*(IMPOSTOS!C:C=Table1[[#This Row],[ESTADO DESTINO]])*(IMPOSTOS!D:D=Table1[[#This Row],[ICMS]]),0)),IF(AND(Table1[[#This Row],[NATUREZA OPERAÇÃO]]="CONSUMO",Table1[[#This Row],[IE?]]="SIM"),INDEX(IMPOSTOS!F:F,MATCH(1,(IMPOSTOS!B:B=Table1[[#This Row],[NCM]])*(IMPOSTOS!C:C=Table1[[#This Row],[ESTADO DESTINO]])*(IMPOSTOS!D:D=Table1[[#This Row],[ICMS]]),0)),IF(AND(Table1[[#This Row],[NATUREZA OPERAÇÃO]]="CONSUMO",Table1[[#This Row],[IE?]]="NÃO"),INDEX(IMPOSTOS!G:G,MATCH(1,(IMPOSTOS!B:B=Table1[[#This Row],[NCM]])*(IMPOSTOS!C:C=Table1[[#This Row],[ESTADO DESTINO]])*(IMPOSTOS!D:D=Table1[[#This Row],[ICMS]]),0)),"NÃO ENCONTRADO")))} -> NÃO ENCONTRADO | L60: 151.64175 | M60: =L60*1.23 -> 186.51935 | N60: =L60*1.2 -> 181.9701 | O60: =L60*1.17 -> 177.42085 | P60: =(L60+O60)/2 -> 164.5313 | Q60: =L60*1.01249086924762 -> 153.53589 | R60: =IFERROR(_xlfn.XLOOKUP(A60,'2025 NOV'!A:A,'2025 NOV'!L:L),"NÃO TEM NA LISTA 2025") -> 153.53589 | S60: IMPRESSORA DESKTOP | T60: N/A | U60: N/A | V60: N/A | W60: N/A | X60: N/A | Y60: N/A
A61: 995ED040700333 | B61: LEITOR CODIGO BARRAS 2D SR500NM USB STND | C61: 8471.90.12 | D61: Não | E61: 3 anos | F61: 0.0975 | G61: =IF(Table1[[#This Row],[PPB]]="Sim",0.12,0.04) -> 0.04 | K61: {=IF(AND(Table1[[#This Row],[NATUREZA OPERAÇÃO]]="REVENDA",Table1[[#This Row],[IE?]]="SIM"),INDEX(IMPOSTOS!E:E,MATCH(1,(IMPOSTOS!B:B=Table1[[#This Row],[NCM]])*(IMPOSTOS!C:C=Table1[[#This Row],[ESTADO DESTINO]])*(IMPOSTOS!D:D=Table1[[#This Row],[ICMS]]),0)),IF(AND(Table1[[#This Row],[NATUREZA OPERAÇÃO]]="CONSUMO",Table1[[#This Row],[IE?]]="SIM"),INDEX(IMPOSTOS!F:F,MATCH(1,(IMPOSTOS!B:B=Table1[[#This Row],[NCM]])*(IMPOSTOS!C:C=Table1[[#This Row],[ESTADO DESTINO]])*(IMPOSTOS!D:D=Table1[[#This Row],[ICMS]]),0)),IF(AND(Table1[[#This Row],[NATUREZA OPERAÇÃO]]="CONSUMO",Table1[[#This Row],[IE?]]="NÃO"),INDEX(IMPOSTOS!G:G,MATCH(1,(IMPOSTOS!B:B=Table1[[#This Row],[NCM]])*(IMPOSTOS!C:C=Table1[[#This Row],[ESTADO DESTINO]])*(IMPOSTOS!D:D=Table1[[#This Row],[ICMS]]),0)),"NÃO ENCONTRADO")))} -> NÃO ENCONTRADO | L61: 136.95427 | M61: =L61*1.23 -> 168.45375 | N61: =L61*1.2 -> 164.34512 | O61: =L61*1.17 -> 160.23649 | P61: =(L61+O61)/2 -> 148.59538 | Q61: =L61*1.01249086924762 -> 138.66494 | R61: =IFERROR(_xlfn.XLOOKUP(A61,'2025 NOV'!A:A,'2025 NOV'!L:L),"NÃO TEM NA LISTA 2025") -> NÃO TEM NA LISTA 2025 | S61: LEITOR DESKTOP | T61: N/A | U61: N/A | V61: N/A | W61: N/A | X61: N/A | Y61: N/A
A62: 995ED040800333 | B62: LEITOR CODIGO BARRAS 2D SM600U USB BRA | C62: 8471.90.12 | D62: Não | E62: 3 anos | F62: 0.0975 | G62: =IF(Table1[[#This Row],[PPB]]="Sim",0.12,0.04) -> 0.04 | K62: {=IF(AND(Table1[[#This Row],[NATUREZA OPERAÇÃO]]="REVENDA",Table1[[#This Row],[IE?]]="SIM"),INDEX(IMPOSTOS!E:E,MATCH(1,(IMPOSTOS!B:B=Table1[[#This Row],[NCM]])*(IMPOSTOS!C:C=Table1[[#This Row],[ESTADO DESTINO]])*(IMPOSTOS!D:D=Table1[[#This Row],[ICMS]]),0)),IF(AND(Table1[[#This Row],[NATUREZA OPERAÇÃO]]="CONSUMO",Table1[[#This Row],[IE?]]="SIM"),INDEX(IMPOSTOS!F:F,MATCH(1,(IMPOSTOS!B:B=Table1[[#This Row],[NCM]])*(IMPOSTOS!C:C=Table1[[#This Row],[ESTADO DESTINO]])*(IMPOSTOS!D:D=Table1[[#This Row],[ICMS]]),0)),IF(AND(Table1[[#This Row],[NATUREZA OPERAÇÃO]]="CONSUMO",Table1[[#This Row],[IE?]]="NÃO"),INDEX(IMPOSTOS!G:G,MATCH(1,(IMPOSTOS!B:B=Table1[[#This Row],[NCM]])*(IMPOSTOS!C:C=Table1[[#This Row],[ESTADO DESTINO]])*(IMPOSTOS!D:D=Table1[[#This Row],[ICMS]]),0)),"NÃO ENCONTRADO")))} -> NÃO ENCONTRADO | L62: 67.901695 | M62: =L62*1.23 -> 83.519085 | N62: =L62*1.2 -> 81.482034 | O62: =L62*1.17 -> 79.444983 | P62: =(L62+O62)/2 -> 73.673339 | Q62: =L62*1.01249086924762 -> 68.749846 | R62: =IFERROR(_xlfn.XLOOKUP(A62,'2025 NOV'!A:A,'2025 NOV'!L:L),"NÃO TEM NA LISTA 2025") -> 68.749846 | S62: LEITOR DESKTOP | T62: N/A | U62: N/A | V62: N/A | W62: N/A | X62: N/A | Y62: N/A
A63: 992ED040700233 | B63: LEITOR DE CODIGO DE BARRAS CBR2D-V USB | C63: 8471.90.12 | D63: Não | E63: 3 anos | F63: 0.0975 | G63: =IF(Table1[[#This Row],[PPB]]="Sim",0.12,0.04) -> 0.04 | H63: SP | I63: CONSUMO | J63: SIM | K63: {=IF(AND(Table1[[#This Row],[NATUREZA OPERAÇÃO]]="REVENDA",Table1[[#This Row],[IE?]]="SIM"),INDEX(IMPOSTOS!E:E,MATCH(1,(IMPOSTOS!B:B=Table1[[#This Row],[NCM]])*(IMPOSTOS!C:C=Table1[[#This Row],[ESTADO DESTINO]])*(IMPOSTOS!D:D=Table1[[#This Row],[ICMS]]),0)),IF(AND(Table1[[#This Row],[NATUREZA OPERAÇÃO]]="CONSUMO",Table1[[#This Row],[IE?]]="SIM"),INDEX(IMPOSTOS!F:F,MATCH(1,(IMPOSTOS!B:B=Table1[[#This Row],[NCM]])*(IMPOSTOS!C:C=Table1[[#This Row],[ESTADO DESTINO]])*(IMPOSTOS!D:D=Table1[[#This Row],[ICMS]]),0)),IF(AND(Table1[[#This Row],[NATUREZA OPERAÇÃO]]="CONSUMO",Table1[[#This Row],[IE?]]="NÃO"),INDEX(IMPOSTOS!G:G,MATCH(1,(IMPOSTOS!B:B=Table1[[#This Row],[NCM]])*(IMPOSTOS!C:C=Table1[[#This Row],[ESTADO DESTINO]])*(IMPOSTOS!D:D=Table1[[#This Row],[ICMS]]),0)),"NÃO ENCONTRADO")))} -> 0.0909 | L63: 119.06505 | M63: =L63*1.23 -> 146.45001 | N63: =L63*1.2 -> 142.87806 | O63: =L63*1.17 -> 139.3061 | P63: =(L63+O63)/2 -> 129.18558 | Q63: =L63*1.01249086924762 -> 120.55227 | R63: =IFERROR(_xlfn.XLOOKUP(A63,'2025 NOV'!A:A,'2025 NOV'!L:L),"NÃO TEM NA LISTA 2025") -> 120.55227 | S63: LEITOR DESKTOP | T63: N/A | U63: N/A | V63: N/A | W63: N/A | X63: N/A | Y63: N/A
A64: 995ED049900300 | B64: LEITOR DE CODIGO DE BARRAS CBR2D-V USB/SERIAL | C64: 8471.90.12 | D64: Não | E64: 3 anos | F64: 0.0975 | G64: =IF(Table1[[#This Row],[PPB]]="Sim",0.12,0.04) -> 0.04 | K64: {=IF(AND(Table1[[#This Row],[NATUREZA OPERAÇÃO]]="REVENDA",Table1[[#This Row],[IE?]]="SIM"),INDEX(IMPOSTOS!E:E,MATCH(1,(IMPOSTOS!B:B=Table1[[#This Row],[NCM]])*(IMPOSTOS!C:C=Table1[[#This Row],[ESTADO DESTINO]])*(IMPOSTOS!D:D=Table1[[#This Row],[ICMS]]),0)),IF(AND(Table1[[#This Row],[NATUREZA OPERAÇÃO]]="CONSUMO",Table1[[#This Row],[IE?]]="SIM"),INDEX(IMPOSTOS!F:F,MATCH(1,(IMPOSTOS!B:B=Table1[[#This Row],[NCM]])*(IMPOSTOS!C:C=Table1[[#This Row],[ESTADO DESTINO]])*(IMPOSTOS!D:D=Table1[[#This Row],[ICMS]]),0)),IF(AND(Table1[[#This Row],[NATUREZA OPERAÇÃO]]="CONSUMO",Table1[[#This Row],[IE?]]="NÃO"),INDEX(IMPOSTOS!G:G,MATCH(1,(IMPOSTOS!B:B=Table1[[#This Row],[NCM]])*(IMPOSTOS!C:C=Table1[[#This Row],[ESTADO DESTINO]])*(IMPOSTOS!D:D=Table1[[#This Row],[ICMS]]),0)),"NÃO ENCONTRADO")))} -> NÃO ENCONTRADO | L64: 132.07762 | M64: =L64*1.23 -> 162.45547 | N64: =L64*1.2 -> 158.49314 | O64: =L64*1.17 -> 154.53082 | P64: =(L64+O64)/2 -> 143.30422 | Q64: =L64*1.01249086924762 -> 133.72738 | R64: =IFERROR(_xlfn.XLOOKUP(A64,'2025 NOV'!A:A,'2025 NOV'!L:L),"NÃO TEM NA LISTA 2025") -> 133.72738 | S64: LEITOR DESKTOP | T64: N/A | U64: N/A | V64: N/A | W64: N/A | X64: N/A | Y64: N/A
A65: 992ED040500233 | B65: LEITOR DE CODIGO DE BARRAS CBR2D-P COM PEDESTAL USB | C65: 8471.90.12 | D65: Não | E65: 3 anos | F65: 0.0975 | G65: =IF(Table1[[#This Row],[PPB]]="Sim",0.12,0.04) -> 0.04 | K65: {=IF(AND(Table1[[#This Row],[NATUREZA OPERAÇÃO]]="REVENDA",Table1[[#This Row],[IE?]]="SIM"),INDEX(IMPOSTOS!E:E,MATCH(1,(IMPOSTOS!B:B=Table1[[#This Row],[NCM]])*(IMPOSTOS!C:C=Table1[[#This Row],[ESTADO DESTINO]])*(IMPOSTOS!D:D=Table1[[#This Row],[ICMS]]),0)),IF(AND(Table1[[#This Row],[NATUREZA OPERAÇÃO]]="CONSUMO",Table1[[#This Row],[IE?]]="SIM"),INDEX(IMPOSTOS!F:F,MATCH(1,(IMPOSTOS!B:B=Table1[[#This Row],[NCM]])*(IMPOSTOS!C:C=Table1[[#This Row],[ESTADO DESTINO]])*(IMPOSTOS!D:D=Table1[[#This Row],[ICMS]]),0)),IF(AND(Table1[[#This Row],[NATUREZA OPERAÇÃO]]="CONSUMO",Table1[[#This Row],[IE?]]="NÃO"),INDEX(IMPOSTOS!G:G,MATCH(1,(IMPOSTOS!B:B=Table1[[#This Row],[NCM]])*(IMPOSTOS!C:C=Table1[[#This Row],[ESTADO DESTINO]])*(IMPOSTOS!D:D=Table1[[#This Row],[ICMS]]),0)),"NÃO ENCONTRADO")))} -> NÃO ENCONTRADO | L65: 47.758913 | M65: =L65*1.23 -> 58.743463 | N65: =L65*1.2 -> 57.310696 | O65: =L65*1.17 -> 55.877928 | P65: =(L65+O65)/2 -> 51.818421 | Q65: =L65*1.01249086924762 -> 48.355463 | R65: =IFERROR(_xlfn.XLOOKUP(A65,'2025 NOV'!A:A,'2025 NOV'!L:L),"NÃO TEM NA LISTA 2025") -> 48.355463 | S65: LEITOR DESKTOP | T65: N/A | U65: N/A | V65: N/A | W65: N/A | X65: N/A | Y65: N/A
A66: 915DX012000300 | B66: VKP80III IMPRESSORA TERMICA RX65 USB RS232 REAR+HOLDER+ACES BRA(NOVA) | C66: 8443.32.99 | D66: Sim | E66: 1 ano | F66: 0.15 | G66: =IF(Table1[[#This Row],[PPB]]="Sim",0.12,0.04) -> 0.12 | H66: PR | I66: CONSUMO | J66: SIM | K66: {=IF(AND(Table1[[#This Row],[NATUREZA OPERAÇÃO]]="REVENDA",Table1[[#This Row],[IE?]]="SIM"),INDEX(IMPOSTOS!E:E,MATCH(1,(IMPOSTOS!B:B=Table1[[#This Row],[NCM]])*(IMPOSTOS!C:C=Table1[[#This Row],[ESTADO DESTINO]])*(IMPOSTOS!D:D=Table1[[#This Row],[ICMS]]),0)),IF(AND(Table1[[#This Row],[NATUREZA OPERAÇÃO]]="CONSUMO",Table1[[#This Row],[IE?]]="SIM"),INDEX(IMPOSTOS!F:F,MATCH(1,(IMPOSTOS!B:B=Table1[[#This Row],[NCM]])*(IMPOSTOS!C:C=Table1[[#This Row],[ESTADO DESTINO]])*(IMPOSTOS!D:D=Table1[[#This Row],[ICMS]]),0)),IF(AND(Table1[[#This Row],[NATUREZA OPERAÇÃO]]="CONSUMO",Table1[[#This Row],[IE?]]="NÃO"),INDEX(IMPOSTOS!G:G,MATCH(1,(IMPOSTOS!B:B=Table1[[#This Row],[NCM]])*(IMPOSTOS!C:C=Table1[[#This Row],[ESTADO DESTINO]])*(IMPOSTOS!D:D=Table1[[#This Row],[ICMS]]),0)),"NÃO ENCONTRADO")))} -> 0 | L66: 276.28738 | M66: =L66*1.23 -> 339.83348 | N66: =L66*1.2 -> 331.54485 | O66: =L66*1.17 -> 323.25623 | P66: =(L66+O66)/2 -> 299.77181 | Q66: =L66*1.01249086924762 -> 279.73845 | R66: =IFERROR(_xlfn.XLOOKUP(A66,'2025 NOV'!A:A,'2025 NOV'!L:L),"NÃO TEM NA LISTA 2025") -> NÃO TEM NA LISTA 2025 | S66: IMPRESSORA OPEN FRAME | T66: N/A | U66: N/A | V66: N/A | W66: N/A | X66: N/A | Y66: N/A
A67: 915DX012100300 | B67: VKP80III IMPRESSORA TERMICA RX65 USB RS232 REAR (NOVA) | C67: 8443.32.99 | D67: Sim | E67: 1 ano | F67: 0.15 | G67: =IF(Table1[[#This Row],[PPB]]="Sim",0.12,0.04) -> 0.12 | K67: {=IF(AND(Table1[[#This Row],[NATUREZA OPERAÇÃO]]="REVENDA",Table1[[#This Row],[IE?]]="SIM"),INDEX(IMPOSTOS!E:E,MATCH(1,(IMPOSTOS!B:B=Table1[[#This Row],[NCM]])*(IMPOSTOS!C:C=Table1[[#This Row],[ESTADO DESTINO]])*(IMPOSTOS!D:D=Table1[[#This Row],[ICMS]]),0)),IF(AND(Table1[[#This Row],[NATUREZA OPERAÇÃO]]="CONSUMO",Table1[[#This Row],[IE?]]="SIM"),INDEX(IMPOSTOS!F:F,MATCH(1,(IMPOSTOS!B:B=Table1[[#This Row],[NCM]])*(IMPOSTOS!C:C=Table1[[#This Row],[ESTADO DESTINO]])*(IMPOSTOS!D:D=Table1[[#This Row],[ICMS]]),0)),IF(AND(Table1[[#This Row],[NATUREZA OPERAÇÃO]]="CONSUMO",Table1[[#This Row],[IE?]]="NÃO"),INDEX(IMPOSTOS!G:G,MATCH(1,(IMPOSTOS!B:B=Table1[[#This Row],[NCM]])*(IMPOSTOS!C:C=Table1[[#This Row],[ESTADO DESTINO]])*(IMPOSTOS!D:D=Table1[[#This Row],[ICMS]]),0)),"NÃO ENCONTRADO")))} -> NÃO ENCONTRADO | L67: 229.23577 | M67: =L67*1.23 -> 281.96 | N67: =L67*1.2 -> 275.08293 | O67: =L67*1.17 -> 268.20585 | P67: =(L67+O67)/2 -> 248.72081 | Q67: =L67*1.01249086924762 -> 232.09913 | R67: =IFERROR(_xlfn.XLOOKUP(A67,'2025 NOV'!A:A,'2025 NOV'!L:L),"NÃO TEM NA LISTA 2025") -> NÃO TEM NA LISTA 2025 | S67: IMPRESSORA OPEN FRAME | T67: N/A | U67: N/A | V67: N/A | W67: N/A | X67: N/A | Y67: N/A
A68: 915DX012200300 | B68: VKP80III IMPRESSORA TERMICA RX65 USB RS232 REAR+HOLDER BRA (NOVA) | C68: 8443.32.99 | D68: Sim | E68: 1 ano | F68: 0.15 | G68: =IF(Table1[[#This Row],[PPB]]="Sim",0.12,0.04) -> 0.12 | K68: {=IF(AND(Table1[[#This Row],[NATUREZA OPERAÇÃO]]="REVENDA",Table1[[#This Row],[IE?]]="SIM"),INDEX(IMPOSTOS!E:E,MATCH(1,(IMPOSTOS!B:B=Table1[[#This Row],[NCM]])*(IMPOSTOS!C:C=Table1[[#This Row],[ESTADO DESTINO]])*(IMPOSTOS!D:D=Table1[[#This Row],[ICMS]]),0)),IF(AND(Table1[[#This Row],[NATUREZA OPERAÇÃO]]="CONSUMO",Table1[[#This Row],[IE?]]="SIM"),INDEX(IMPOSTOS!F:F,MATCH(1,(IMPOSTOS!B:B=Table1[[#This Row],[NCM]])*(IMPOSTOS!C:C=Table1[[#This Row],[ESTADO DESTINO]])*(IMPOSTOS!D:D=Table1[[#This Row],[ICMS]]),0)),IF(AND(Table1[[#This Row],[NATUREZA OPERAÇÃO]]="CONSUMO",Table1[[#This Row],[IE?]]="NÃO"),INDEX(IMPOSTOS!G:G,MATCH(1,(IMPOSTOS!B:B=Table1[[#This Row],[NCM]])*(IMPOSTOS!C:C=Table1[[#This Row],[ESTADO DESTINO]])*(IMPOSTOS!D:D=Table1[[#This Row],[ICMS]]),0)),"NÃO ENCONTRADO")))} -> NÃO ENCONTRADO | L68: 238.30081 | M68: =L68*1.23 -> 293.11 | N68: =L68*1.2 -> 285.96098 | O68: =L68*1.17 -> 278.81195 | P68: =(L68+O68)/2 -> 258.55638 | Q68: =L68*1.01249086924762 -> 241.2774 | R68: =IFERROR(_xlfn.XLOOKUP(A68,'2025 NOV'!A:A,'2025 NOV'!L:L),"NÃO TEM NA LISTA 2025") -> NÃO TEM NA LISTA 2025 | S68: IMPRESSORA OPEN FRAME | T68: N/A | U68: N/A | V68: N/A | W68: N/A | X68: N/A | Y68: N/A
A69: 915DX010200J00 | B69: IMP TERM VKP80III ETH CB ETH/U LAT BR | C69: 8443.32.99 | D69: Sim | E69: 1 ano | F69: 0.15 | G69: =IF(Table1[[#This Row],[PPB]]="Sim",0.12,0.04) -> 0.12 | K69: {=IF(AND(Table1[[#This Row],[NATUREZA OPERAÇÃO]]="REVENDA",Table1[[#This Row],[IE?]]="SIM"),INDEX(IMPOSTOS!E:E,MATCH(1,(IMPOSTOS!B:B=Table1[[#This Row],[NCM]])*(IMPOSTOS!C:C=Table1[[#This Row],[ESTADO DESTINO]])*(IMPOSTOS!D:D=Table1[[#This Row],[ICMS]]),0)),IF(AND(Table1[[#This Row],[NATUREZA OPERAÇÃO]]="CONSUMO",Table1[[#This Row],[IE?]]="SIM"),INDEX(IMPOSTOS!F:F,MATCH(1,(IMPOSTOS!B:B=Table1[[#This Row],[NCM]])*(IMPOSTOS!C:C=Table1[[#This Row],[ESTADO DESTINO]])*(IMPOSTOS!D:D=Table1[[#This Row],[ICMS]]),0)),IF(AND(Table1[[#This Row],[NATUREZA OPERAÇÃO]]="CONSUMO",Table1[[#This Row],[IE?]]="NÃO"),INDEX(IMPOSTOS!G:G,MATCH(1,(IMPOSTOS!B:B=Table1[[#This Row],[NCM]])*(IMPOSTOS!C:C=Table1[[#This Row],[ESTADO DESTINO]])*(IMPOSTOS!D:D=Table1[[#This Row],[ICMS]]),0)),"NÃO ENCONTRADO")))} -> NÃO ENCONTRADO | L69: 726.17073 | M69: =L69*1.23 -> 893.19 | N69: =L69*1.2 -> 871.40488 | O69: =L69*1.17 -> 849.61976 | P69: =(L69+O69)/2 -> 787.89524 | Q69: =L69*1.01249086924762 -> 735.24124 | R69: =IFERROR(_xlfn.XLOOKUP(A69,'2025 NOV'!A:A,'2025 NOV'!L:L),"NÃO TEM NA LISTA 2025") -> NÃO TEM NA LISTA 2025 | S69: IMPRESSORA OPEN FRAME | T69: N/A | U69: N/A | V69: N/A | W69: N/A | X69: N/A | Y69: N/A
A70: 915DX012300300 | B70: IMP TERM VKP80III RX65 CB SER/USB/AC FONTE BRA | C70: 8443.32.99 | D70: Sim | E70: 1 ano | F70: 0.15 | G70: =IF(Table1[[#This Row],[PPB]]="Sim",0.12,0.04) -> 0.12 | K70: {=IF(AND(Table1[[#This Row],[NATUREZA OPERAÇÃO]]="REVENDA",Table1[[#This Row],[IE?]]="SIM"),INDEX(IMPOSTOS!E:E,MATCH(1,(IMPOSTOS!B:B=Table1[[#This Row],[NCM]])*(IMPOSTOS!C:C=Table1[[#This Row],[ESTADO DESTINO]])*(IMPOSTOS!D:D=Table1[[#This Row],[ICMS]]),0)),IF(AND(Table1[[#This Row],[NATUREZA OPERAÇÃO]]="CONSUMO",Table1[[#This Row],[IE?]]="SIM"),INDEX(IMPOSTOS!F:F,MATCH(1,(IMPOSTOS!B:B=Table1[[#This Row],[NCM]])*(IMPOSTOS!C:C=Table1[[#This Row],[ESTADO DESTINO]])*(IMPOSTOS!D:D=Table1[[#This Row],[ICMS]]),0)),IF(AND(Table1[[#This Row],[NATUREZA OPERAÇÃO]]="CONSUMO",Table1[[#This Row],[IE?]]="NÃO"),INDEX(IMPOSTOS!G:G,MATCH(1,(IMPOSTOS!B:B=Table1[[#This Row],[NCM]])*(IMPOSTOS!C:C=Table1[[#This Row],[ESTADO DESTINO]])*(IMPOSTOS!D:D=Table1[[#This Row],[ICMS]]),0)),"NÃO ENCONTRADO")))} -> NÃO ENCONTRADO | L70: 304.82927 | M70: =L70*1.23 -> 374.94 | N70: =L70*1.2 -> 365.79512 | O70: =L70*1.17 -> 356.65024 | P70: =(L70+O70)/2 -> 330.73976 | Q70: =L70*1.01249086924762 -> 308.63685 | R70: =IFERROR(_xlfn.XLOOKUP(A70,'2025 NOV'!A:A,'2025 NOV'!L:L),"NÃO TEM NA LISTA 2025") -> NÃO TEM NA LISTA 2025 | S70: IMPRESSORA OPEN FRAME | T70: N/A | U70: N/A | V70: N/A | W70: N/A | X70: N/A | Y70: N/A
A71: 915CH020300300 | B71: TG 2480H (3) IMP TERM USB FONTE CABO AC/SERIAL BRA | C71: 8443.32.99 | D71: Sim | E71: 1 ano | F71: 0.15 | G71: =IF(Table1[[#This Row],[PPB]]="Sim",0.12,0.04) -> 0.12 | K71: {=IF(AND(Table1[[#This Row],[NATUREZA OPERAÇÃO]]="REVENDA",Table1[[#This Row],[IE?]]="SIM"),INDEX(IMPOSTOS!E:E,MATCH(1,(IMPOSTOS!B:B=Table1[[#This Row],[NCM]])*(IMPOSTOS!C:C=Table1[[#This Row],[ESTADO DESTINO]])*(IMPOSTOS!D:D=Table1[[#This Row],[ICMS]]),0)),IF(AND(Table1[[#This Row],[NATUREZA OPERAÇÃO]]="CONSUMO",Table1[[#This Row],[IE?]]="SIM"),INDEX(IMPOSTOS!F:F,MATCH(1,(IMPOSTOS!B:B=Table1[[#This Row],[NCM]])*(IMPOSTOS!C:C=Table1[[#This Row],[ESTADO DESTINO]])*(IMPOSTOS!D:D=Table1[[#This Row],[ICMS]]),0)),IF(AND(Table1[[#This Row],[NATUREZA OPERAÇÃO]]="CONSUMO",Table1[[#This Row],[IE?]]="NÃO"),INDEX(IMPOSTOS!G:G,MATCH(1,(IMPOSTOS!B:B=Table1[[#This Row],[NCM]])*(IMPOSTOS!C:C=Table1[[#This Row],[ESTADO DESTINO]])*(IMPOSTOS!D:D=Table1[[#This Row],[ICMS]]),0)),"NÃO ENCONTRADO")))} -> NÃO ENCONTRADO | L71: 212.5982 | M71: =L71*1.23 -> 261.49578 | N71: =L71*1.2 -> 255.11783 | O71: =L71*1.17 -> 248.73989 | P71: =(L71+O71)/2 -> 230.66904 | Q71: =L71*1.01249086924762 -> 215.25373 | R71: =IFERROR(_xlfn.XLOOKUP(A71,'2025 NOV'!A:A,'2025 NOV'!L:L),"NÃO TEM NA LISTA 2025") -> 215.25373 | S71: IMPRESSORA OPEN FRAME | T71: N/A | U71: N/A | V71: N/A | W71: N/A | X71: N/A | Y71: N/A
A72: 915LC011600300 | B72: K80 IMP TERM USB FONTE CABO AC/SERIAL BRA | C72: 8443.32.99 | D72: Sim | E72: 1 ano | F72: 0.15 | G72: =IF(Table1[[#This Row],[PPB]]="Sim",0.12,0.04) -> 0.12 | K72: {=IF(AND(Table1[[#This Row],[NATUREZA OPERAÇÃO]]="REVENDA",Table1[[#This Row],[IE?]]="SIM"),INDEX(IMPOSTOS!E:E,MATCH(1,(IMPOSTOS!B:B=Table1[[#This Row],[NCM]])*(IMPOSTOS!C:C=Table1[[#This Row],[ESTADO DESTINO]])*(IMPOSTOS!D:D=Table1[[#This Row],[ICMS]]),0)),IF(AND(Table1[[#This Row],[NATUREZA OPERAÇÃO]]="CONSUMO",Table1[[#This Row],[IE?]]="SIM"),INDEX(IMPOSTOS!F:F,MATCH(1,(IMPOSTOS!B:B=Table1[[#This Row],[NCM]])*(IMPOSTOS!C:C=Table1[[#This Row],[ESTADO DESTINO]])*(IMPOSTOS!D:D=Table1[[#This Row],[ICMS]]),0)),IF(AND(Table1[[#This Row],[NATUREZA OPERAÇÃO]]="CONSUMO",Table1[[#This Row],[IE?]]="NÃO"),INDEX(IMPOSTOS!G:G,MATCH(1,(IMPOSTOS!B:B=Table1[[#This Row],[NCM]])*(IMPOSTOS!C:C=Table1[[#This Row],[ESTADO DESTINO]])*(IMPOSTOS!D:D=Table1[[#This Row],[ICMS]]),0)),"NÃO ENCONTRADO")))} -> NÃO ENCONTRADO | L72: 178.52903 | M72: =L72*1.23 -> 219.59071 | N72: =L72*1.2 -> 214.23484 | O72: =L72*1.17 -> 208.87897 | P72: =(L72+O72)/2 -> 193.704 | Q72: =L72*1.01249086924762 -> 180.75901 | R72: =IFERROR(_xlfn.XLOOKUP(A72,'2025 NOV'!A:A,'2025 NOV'!L:L),"NÃO TEM NA LISTA 2025") -> 180.75901 | S72: IMPRESSORA OPEN FRAME | T72: N/A | U72: N/A | V72: N/A | W72: N/A | X72: N/A | Y72: N/A
A73: 976LC010000008 | B73: K80-F IMP TERM 80MM OF NPE PE FON USB PMB | C73: 8443.32.99 | D73: Sim | E73: 1 ano | F73: 0.15 | G73: =IF(Table1[[#This Row],[PPB]]="Sim",0.12,0.04) -> 0.12 | H73: SP | I73: CONSUMO | J73: SIM | K73: {=IF(AND(Table1[[#This Row],[NATUREZA OPERAÇÃO]]="REVENDA",Table1[[#This Row],[IE?]]="SIM"),INDEX(IMPOSTOS!E:E,MATCH(1,(IMPOSTOS!B:B=Table1[[#This Row],[NCM]])*(IMPOSTOS!C:C=Table1[[#This Row],[ESTADO DESTINO]])*(IMPOSTOS!D:D=Table1[[#This Row],[ICMS]]),0)),IF(AND(Table1[[#This Row],[NATUREZA OPERAÇÃO]]="CONSUMO",Table1[[#This Row],[IE?]]="SIM"),INDEX(IMPOSTOS!F:F,MATCH(1,(IMPOSTOS!B:B=Table1[[#This Row],[NCM]])*(IMPOSTOS!C:C=Table1[[#This Row],[ESTADO DESTINO]])*(IMPOSTOS!D:D=Table1[[#This Row],[ICMS]]),0)),IF(AND(Table1[[#This Row],[NATUREZA OPERAÇÃO]]="CONSUMO",Table1[[#This Row],[IE?]]="NÃO"),INDEX(IMPOSTOS!G:G,MATCH(1,(IMPOSTOS!B:B=Table1[[#This Row],[NCM]])*(IMPOSTOS!C:C=Table1[[#This Row],[ESTADO DESTINO]])*(IMPOSTOS!D:D=Table1[[#This Row],[ICMS]]),0)),"NÃO ENCONTRADO")))} -> 0 | L73: 154.45292 | M73: =L73*1.23 -> 189.9771 | N73: =L73*1.2 -> 185.34351 | O73: =L73*1.17 -> 180.70992 | P73: =(L73+O73)/2 -> 167.58142 | Q73: =L73*1.01249086924762 -> 156.38217 | R73: =IFERROR(_xlfn.XLOOKUP(A73,'2025 NOV'!A:A,'2025 NOV'!L:L),"NÃO TEM NA LISTA 2025") -> 156.38217 | S73: IMPRESSORA OPEN FRAME | T73: N/A | U73: N/A | V73: N/A | W73: N/A | X73: N/A | Y73: N/A
A74: 915LF010800300 | B74: IMPRESSORA MODUS 3 (BICO E SENSOR) | C74: 8443.32.99 | D74: Sim | E74: 1 ano | F74: 0.15 | G74: =IF(Table1[[#This Row],[PPB]]="Sim",0.12,0.04) -> 0.12 | H74: SP | I74: CONSUMO | J74: NÃO | K74: {=IF(AND(Table1[[#This Row],[NATUREZA OPERAÇÃO]]="REVENDA",Table1[[#This Row],[IE?]]="SIM"),INDEX(IMPOSTOS!E:E,MATCH(1,(IMPOSTOS!B:B=Table1[[#This Row],[NCM]])*(IMPOSTOS!C:C=Table1[[#This Row],[ESTADO DESTINO]])*(IMPOSTOS!D:D=Table1[[#This Row],[ICMS]]),0)),IF(AND(Table1[[#This Row],[NATUREZA OPERAÇÃO]]="CONSUMO",Table1[[#This Row],[IE?]]="SIM"),INDEX(IMPOSTOS!F:F,MATCH(1,(IMPOSTOS!B:B=Table1[[#This Row],[NCM]])*(IMPOSTOS!C:C=Table1[[#This Row],[ESTADO DESTINO]])*(IMPOSTOS!D:D=Table1[[#This Row],[ICMS]]),0)),IF(AND(Table1[[#This Row],[NATUREZA OPERAÇÃO]]="CONSUMO",Table1[[#This Row],[IE?]]="NÃO"),INDEX(IMPOSTOS!G:G,MATCH(1,(IMPOSTOS!B:B=Table1[[#This Row],[NCM]])*(IMPOSTOS!C:C=Table1[[#This Row],[ESTADO DESTINO]])*(IMPOSTOS!D:D=Table1[[#This Row],[ICMS]]),0)),"NÃO ENCONTRADO")))} -> 0 | L74: 230.18301 | M74: =L74*1.23 -> 283.1251 | N74: =L74*1.2 -> 276.21961 | O74: =L74*1.17 -> 269.31412 | P74: =(L74+O74)/2 -> 249.74856 | Q74: =L74*1.01249086924762 -> 233.05819 | R74: =IFERROR(_xlfn.XLOOKUP(A74,'2025 NOV'!A:A,'2025 NOV'!L:L),"NÃO TEM NA LISTA 2025") -> 233.05819 | S74: IMPRESSORA OPEN FRAME | T74: N/A | U74: N/A | V74: N/A | W74: N/A | X74: N/A | Y74: N/A
A75: 915LF020600300 | B75: IMP TERMICA MODUS X USB RS232+ACESS+BICO+NPE BRA | C75: 8443.32.99 | D75: Sim | E75: 1 ano | F75: 0.15 | G75: =IF(Table1[[#This Row],[PPB]]="Sim",0.12,0.04) -> 0.12 | K75: {=IF(AND(Table1[[#This Row],[NATUREZA OPERAÇÃO]]="REVENDA",Table1[[#This Row],[IE?]]="SIM"),INDEX(IMPOSTOS!E:E,MATCH(1,(IMPOSTOS!B:B=Table1[[#This Row],[NCM]])*(IMPOSTOS!C:C=Table1[[#This Row],[ESTADO DESTINO]])*(IMPOSTOS!D:D=Table1[[#This Row],[ICMS]]),0)),IF(AND(Table1[[#This Row],[NATUREZA OPERAÇÃO]]="CONSUMO",Table1[[#This Row],[IE?]]="SIM"),INDEX(IMPOSTOS!F:F,MATCH(1,(IMPOSTOS!B:B=Table1[[#This Row],[NCM]])*(IMPOSTOS!C:C=Table1[[#This Row],[ESTADO DESTINO]])*(IMPOSTOS!D:D=Table1[[#This Row],[ICMS]]),0)),IF(AND(Table1[[#This Row],[NATUREZA OPERAÇÃO]]="CONSUMO",Table1[[#This Row],[IE?]]="NÃO"),INDEX(IMPOSTOS!G:G,MATCH(1,(IMPOSTOS!B:B=Table1[[#This Row],[NCM]])*(IMPOSTOS!C:C=Table1[[#This Row],[ESTADO DESTINO]])*(IMPOSTOS!D:D=Table1[[#This Row],[ICMS]]),0)),"NÃO ENCONTRADO")))} -> NÃO ENCONTRADO | L75: 249.50174 | M75: =L75*1.23 -> 306.88714 | N75: =L75*1.2 -> 299.40208 | O75: =L75*1.17 -> 291.91703 | P75: =(L75+O75)/2 -> 270.70939 | Q75: =L75*1.01249086924762 -> 252.61823 | R75: =IFERROR(_xlfn.XLOOKUP(A75,'2025 NOV'!A:A,'2025 NOV'!L:L),"NÃO TEM NA LISTA 2025") -> 252.61823 | S75: IMPRESSORA OPEN FRAME | T75: N/A | U75: N/A | V75: N/A | W75: N/A | X75: N/A | Y75: N/A
A76: 915AS020600300 | B76: IMP TERM KPM216HIII SER/USB/AC FONTE BRA | C76: 8443.32.99 | D76: Não | E76: 1 ano | F76: 0.15 | G76: =IF(Table1[[#This Row],[PPB]]="Sim",0.12,0.04) -> 0.04 | K76: {=IF(AND(Table1[[#This Row],[NATUREZA OPERAÇÃO]]="REVENDA",Table1[[#This Row],[IE?]]="SIM"),INDEX(IMPOSTOS!E:E,MATCH(1,(IMPOSTOS!B:B=Table1[[#This Row],[NCM]])*(IMPOSTOS!C:C=Table1[[#This Row],[ESTADO DESTINO]])*(IMPOSTOS!D:D=Table1[[#This Row],[ICMS]]),0)),IF(AND(Table1[[#This Row],[NATUREZA OPERAÇÃO]]="CONSUMO",Table1[[#This Row],[IE?]]="SIM"),INDEX(IMPOSTOS!F:F,MATCH(1,(IMPOSTOS!B:B=Table1[[#This Row],[NCM]])*(IMPOSTOS!C:C=Table1[[#This Row],[ESTADO DESTINO]])*(IMPOSTOS!D:D=Table1[[#This Row],[ICMS]]),0)),IF(AND(Table1[[#This Row],[NATUREZA OPERAÇÃO]]="CONSUMO",Table1[[#This Row],[IE?]]="NÃO"),INDEX(IMPOSTOS!G:G,MATCH(1,(IMPOSTOS!B:B=Table1[[#This Row],[NCM]])*(IMPOSTOS!C:C=Table1[[#This Row],[ESTADO DESTINO]])*(IMPOSTOS!D:D=Table1[[#This Row],[ICMS]]),0)),"NÃO ENCONTRADO")))} -> NÃO ENCONTRADO | L76: 1116.5574 | M76: =L76*1.23 -> 1373.3656 | N76: =L76*1.2 -> 1339.8689 | O76: =L76*1.17 -> 1306.3721 | P76: =(L76+O76)/2 -> 1211.4648 | Q76: =L76*1.01249086924762 -> 1130.5042 | R76: =IFERROR(_xlfn.XLOOKUP(A76,'2025 NOV'!A:A,'2025 NOV'!L:L),"NÃO TEM NA LISTA 2025") -> 1130.5042 | S76: IMPRESSORA OPEN FRAME | T76: N/A | U76: N/A | V76: N/A | W76: N/A | X76: N/A | Y76: N/A
A77: 915AH020300700 | B77: IMP TERM KPM180H GUILHOTINA+PRESENTER | C77: 8443.32.99 | D77: Não | E77: 1 ano | F77: 0.15 | G77: =IF(Table1[[#This Row],[PPB]]="Sim",0.12,0.04) -> 0.04 | K77: {=IF(AND(Table1[[#This Row],[NATUREZA OPERAÇÃO]]="REVENDA",Table1[[#This Row],[IE?]]="SIM"),INDEX(IMPOSTOS!E:E,MATCH(1,(IMPOSTOS!B:B=Table1[[#This Row],[NCM]])*(IMPOSTOS!C:C=Table1[[#This Row],[ESTADO DESTINO]])*(IMPOSTOS!D:D=Table1[[#This Row],[ICMS]]),0)),IF(AND(Table1[[#This Row],[NATUREZA OPERAÇÃO]]="CONSUMO",Table1[[#This Row],[IE?]]="SIM"),INDEX(IMPOSTOS!F:F,MATCH(1,(IMPOSTOS!B:B=Table1[[#This Row],[NCM]])*(IMPOSTOS!C:C=Table1[[#This Row],[ESTADO DESTINO]])*(IMPOSTOS!D:D=Table1[[#This Row],[ICMS]]),0)),IF(AND(Table1[[#This Row],[NATUREZA OPERAÇÃO]]="CONSUMO",Table1[[#This Row],[IE?]]="NÃO"),INDEX(IMPOSTOS!G:G,MATCH(1,(IMPOSTOS!B:B=Table1[[#This Row],[NCM]])*(IMPOSTOS!C:C=Table1[[#This Row],[ESTADO DESTINO]])*(IMPOSTOS!D:D=Table1[[#This Row],[ICMS]]),0)),"NÃO ENCONTRADO")))} -> NÃO ENCONTRADO | L77: 871.04397 | M77: =L77*1.23 -> 1071.3841 | N77: =L77*1.2 -> 1045.2528 | O77: =L77*1.17 -> 1019.1214 | P77: =(L77+O77)/2 -> 945.0827 | Q77: =L77*1.01249086924762 -> 881.92406 | R77: =IFERROR(_xlfn.XLOOKUP(A77,'2025 NOV'!A:A,'2025 NOV'!L:L),"NÃO TEM NA LISTA 2025") -> NÃO TEM NA LISTA 2025 | S77: IMPRESSORA OPEN FRAME | T77: N/A | U77: N/A | V77: N/A | W77: N/A | X77: N/A | Y77: N/A
A78: 915KV011400300 | B78: IMP TERM TPTCM112III 112MM 200DPI C/ CABO USB+NPE+FONTE | C78: 8443.32.99 | D78: Não | E78: 1 ano | F78: 0.15 | G78: =IF(Table1[[#This Row],[PPB]]="Sim",0.12,0.04) -> 0.04 | K78: {=IF(AND(Table1[[#This Row],[NATUREZA OPERAÇÃO]]="REVENDA",Table1[[#This Row],[IE?]]="SIM"),INDEX(IMPOSTOS!E:E,MATCH(1,(IMPOSTOS!B:B=Table1[[#This Row],[NCM]])*(IMPOSTOS!C:C=Table1[[#This Row],[ESTADO DESTINO]])*(IMPOSTOS!D:D=Table1[[#This Row],[ICMS]]),0)),IF(AND(Table1[[#This Row],[NATUREZA OPERAÇÃO]]="CONSUMO",Table1[[#This Row],[IE?]]="SIM"),INDEX(IMPOSTOS!F:F,MATCH(1,(IMPOSTOS!B:B=Table1[[#This Row],[NCM]])*(IMPOSTOS!C:C=Table1[[#This Row],[ESTADO DESTINO]])*(IMPOSTOS!D:D=Table1[[#This Row],[ICMS]]),0)),IF(AND(Table1[[#This Row],[NATUREZA OPERAÇÃO]]="CONSUMO",Table1[[#This Row],[IE?]]="NÃO"),INDEX(IMPOSTOS!G:G,MATCH(1,(IMPOSTOS!B:B=Table1[[#This Row],[NCM]])*(IMPOSTOS!C:C=Table1[[#This Row],[ESTADO DESTINO]])*(IMPOSTOS!D:D=Table1[[#This Row],[ICMS]]),0)),"NÃO ENCONTRADO")))} -> NÃO ENCONTRADO | L78: 964.8372 | M78: =L78*1.23 -> 1186.7498 | N78: =L78*1.2 -> 1157.8046 | O78: =L78*1.17 -> 1128.8595 | P78: =(L78+O78)/2 -> 1046.8484 | Q78: =L78*1.01249086924762 -> 976.88886 | R78: =IFERROR(_xlfn.XLOOKUP(A78,'2025 NOV'!A:A,'2025 NOV'!L:L),"NÃO TEM NA LISTA 2025") -> 0 | S78: IMPRESSORA OPEN FRAME | T78: N/A | U78: N/A | V78: N/A | W78: N/A | X78: N/A | Y78: N/A
A79: 915AF010900133 | B79: IMP IMPAC FH190 40COL RS232 RTCK BRA | C79: 8443.32.99 | D79: Não | E79: 1 ano | F79: 0.15 | G79: =IF(Table1[[#This Row],[PPB]]="Sim",0.12,0.04) -> 0.04 | K79: {=IF(AND(Table1[[#This Row],[NATUREZA OPERAÇÃO]]="REVENDA",Table1[[#This Row],[IE?]]="SIM"),INDEX(IMPOSTOS!E:E,MATCH(1,(IMPOSTOS!B:B=Table1[[#This Row],[NCM]])*(IMPOSTOS!C:C=Table1[[#This Row],[ESTADO DESTINO]])*(IMPOSTOS!D:D=Table1[[#This Row],[ICMS]]),0)),IF(AND(Table1[[#This Row],[NATUREZA OPERAÇÃO]]="CONSUMO",Table1[[#This Row],[IE?]]="SIM"),INDEX(IMPOSTOS!F:F,MATCH(1,(IMPOSTOS!B:B=Table1[[#This Row],[NCM]])*(IMPOSTOS!C:C=Table1[[#This Row],[ESTADO DESTINO]])*(IMPOSTOS!D:D=Table1[[#This Row],[ICMS]]),0)),IF(AND(Table1[[#This Row],[NATUREZA OPERAÇÃO]]="CONSUMO",Table1[[#This Row],[IE?]]="NÃO"),INDEX(IMPOSTOS!G:G,MATCH(1,(IMPOSTOS!B:B=Table1[[#This Row],[NCM]])*(IMPOSTOS!C:C=Table1[[#This Row],[ESTADO DESTINO]])*(IMPOSTOS!D:D=Table1[[#This Row],[ICMS]]),0)),"NÃO ENCONTRADO")))} -> NÃO ENCONTRADO | L79: 290.22783 | M79: =L79*1.23 -> 356.98023 | N79: =L79*1.2 -> 348.2734 | O79: =L79*1.17 -> 339.56656 | P79: =(L79+O79)/2 -> 314.8972 | Q79: =L79*1.01249086924762 -> 293.85303 | R79: =IFERROR(_xlfn.XLOOKUP(A79,'2025 NOV'!A:A,'2025 NOV'!L:L),"NÃO TEM NA LISTA 2025") -> 293.85303 | S79: IMPRESSORA OPEN FRAME | T79: N/A | U79: N/A | V79: N/A | W79: N/A | X79: N/A | Y79: N/A
A80: 974CW010000315 | B80: ADAPTADOR PLASTICO PARA IMP TER PLUS2 112X112 MM | C80: 8443.32.99 | D80: Não | E80: 1 ano | F80: 0.15 | G80: =IF(Table1[[#This Row],[PPB]]="Sim",0.12,0.04) -> 0.04 | K80: {=IF(AND(Table1[[#This Row],[NATUREZA OPERAÇÃO]]="REVENDA",Table1[[#This Row],[IE?]]="SIM"),INDEX(IMPOSTOS!E:E,MATCH(1,(IMPOSTOS!B:B=Table1[[#This Row],[NCM]])*(IMPOSTOS!C:C=Table1[[#This Row],[ESTADO DESTINO]])*(IMPOSTOS!D:D=Table1[[#This Row],[ICMS]]),0)),IF(AND(Table1[[#This Row],[NATUREZA OPERAÇÃO]]="CONSUMO",Table1[[#This Row],[IE?]]="SIM"),INDEX(IMPOSTOS!F:F,MATCH(1,(IMPOSTOS!B:B=Table1[[#This Row],[NCM]])*(IMPOSTOS!C:C=Table1[[#This Row],[ESTADO DESTINO]])*(IMPOSTOS!D:D=Table1[[#This Row],[ICMS]]),0)),IF(AND(Table1[[#This Row],[NATUREZA OPERAÇÃO]]="CONSUMO",Table1[[#This Row],[IE?]]="NÃO"),INDEX(IMPOSTOS!G:G,MATCH(1,(IMPOSTOS!B:B=Table1[[#This Row],[NCM]])*(IMPOSTOS!C:C=Table1[[#This Row],[ESTADO DESTINO]])*(IMPOSTOS!D:D=Table1[[#This Row],[ICMS]]),0)),"NÃO ENCONTRADO")))} -> NÃO ENCONTRADO | L80: 14.84296 | M80: =L80*1.23 -> 18.256841 | N80: =L80*1.2 -> 17.811552 | O80: =L80*1.17 -> 17.366263 | P80: =(L80+O80)/2 -> 16.104612 | Q80: =L80*1.01249086924762 -> 15.028362 | R80: =IFERROR(_xlfn.XLOOKUP(A80,'2025 NOV'!A:A,'2025 NOV'!L:L),"NÃO TEM NA LISTA 2025") -> 15.028362 | S80: IMPRESSORA OPEN FRAME | T80: N/A | U80: N/A | V80: N/A | W80: N/A | X80: N/A | Y80: N/A
A81: 915NB010300333 | B81: IMP TERM PM2 4-7.5V C KIT CABOS BRA | C81: 8443.32.99 | D81: Não | E81: 1 ano | F81: 0.15 | G81: =IF(Table1[[#This Row],[PPB]]="Sim",0.12,0.04) -> 0.04 | K81: {=IF(AND(Table1[[#This Row],[NATUREZA OPERAÇÃO]]="REVENDA",Table1[[#This Row],[IE?]]="SIM"),INDEX(IMPOSTOS!E:E,MATCH(1,(IMPOSTOS!B:B=Table1[[#This Row],[NCM]])*(IMPOSTOS!C:C=Table1[[#This Row],[ESTADO DESTINO]])*(IMPOSTOS!D:D=Table1[[#This Row],[ICMS]]),0)),IF(AND(Table1[[#This Row],[NATUREZA OPERAÇÃO]]="CONSUMO",Table1[[#This Row],[IE?]]="SIM"),INDEX(IMPOSTOS!F:F,MATCH(1,(IMPOSTOS!B:B=Table1[[#This Row],[NCM]])*(IMPOSTOS!C:C=Table1[[#This Row],[ESTADO DESTINO]])*(IMPOSTOS!D:D=Table1[[#This Row],[ICMS]]),0)),IF(AND(Table1[[#This Row],[NATUREZA OPERAÇÃO]]="CONSUMO",Table1[[#This Row],[IE?]]="NÃO"),INDEX(IMPOSTOS!G:G,MATCH(1,(IMPOSTOS!B:B=Table1[[#This Row],[NCM]])*(IMPOSTOS!C:C=Table1[[#This Row],[ESTADO DESTINO]])*(IMPOSTOS!D:D=Table1[[#This Row],[ICMS]]),0)),"NÃO ENCONTRADO")))} -> NÃO ENCONTRADO | L81: 119.40802 | M81: =L81*1.23 -> 146.87187 | N81: =L81*1.2 -> 143.28963 | O81: =L81*1.17 -> 139.70739 | P81: =(L81+O81)/2 -> 129.5577 | Q81: =L81*1.01249086924762 -> 120.89953 | R81: =IFERROR(_xlfn.XLOOKUP(A81,'2025 NOV'!A:A,'2025 NOV'!L:L),"NÃO TEM NA LISTA 2025") -> 120.89953 | S81: IMPRESSORA OPEN FRAME | T81: N/A | U81: N/A | V81: N/A | W81: N/A | X81: N/A | Y81: N/A
A82: 915NB010200333 | B82: IMP TERM PM2 4-7.5 V C KIT CABOS RS232 BRA | C82: 8443.32.99 | D82: Não | E82: 1 ano | F82: 0.15 | G82: =IF(Table1[[#This Row],[PPB]]="Sim",0.12,0.04) -> 0.04 | K82: {=IF(AND(Table1[[#This Row],[NATUREZA OPERAÇÃO]]="REVENDA",Table1[[#This Row],[IE?]]="SIM"),INDEX(IMPOSTOS!E:E,MATCH(1,(IMPOSTOS!B:B=Table1[[#This Row],[NCM]])*(IMPOSTOS!C:C=Table1[[#This Row],[ESTADO DESTINO]])*(IMPOSTOS!D:D=Table1[[#This Row],[ICMS]]),0)),IF(AND(Table1[[#This Row],[NATUREZA OPERAÇÃO]]="CONSUMO",Table1[[#This Row],[IE?]]="SIM"),INDEX(IMPOSTOS!F:F,MATCH(1,(IMPOSTOS!B:B=Table1[[#This Row],[NCM]])*(IMPOSTOS!C:C=Table1[[#This Row],[ESTADO DESTINO]])*(IMPOSTOS!D:D=Table1[[#This Row],[ICMS]]),0)),IF(AND(Table1[[#This Row],[NATUREZA OPERAÇÃO]]="CONSUMO",Table1[[#This Row],[IE?]]="NÃO"),INDEX(IMPOSTOS!G:G,MATCH(1,(IMPOSTOS!B:B=Table1[[#This Row],[NCM]])*(IMPOSTOS!C:C=Table1[[#This Row],[ESTADO DESTINO]])*(IMPOSTOS!D:D=Table1[[#This Row],[ICMS]]),0)),"NÃO ENCONTRADO")))} -> NÃO ENCONTRADO | L82: 127.28563 | M82: =L82*1.23 -> 156.56133 | N82: =L82*1.2 -> 152.74276 | O82: =L82*1.17 -> 148.92419 | P82: =(L82+O82)/2 -> 138.10491 | Q82: =L82*1.01249086924762 -> 128.87554 | R82: =IFERROR(_xlfn.XLOOKUP(A82,'2025 NOV'!A:A,'2025 NOV'!L:L),"NÃO TEM NA LISTA 2025") -> 128.87554 | S82: IMPRESSORA OPEN FRAME | T82: N/A | U82: N/A | V82: N/A | W82: N/A | X82: N/A | Y82: N/A
A83: 915NB020200333 | B83: IMP TERM PM2 MINI 4.7-5V C KIT CABOS RS232 BRA | C83: 8443.32.99 | D83: Não | E83: 1 ano | F83: 0.15 | G83: =IF(Table1[[#This Row],[PPB]]="Sim",0.12,0.04) -> 0.04 | K83: {=IF(AND(Table1[[#This Row],[NATUREZA OPERAÇÃO]]="REVENDA",Table1[[#This Row],[IE?]]="SIM"),INDEX(IMPOSTOS!E:E,MATCH(1,(IMPOSTOS!B:B=Table1[[#This Row],[NCM]])*(IMPOSTOS!C:C=Table1[[#This Row],[ESTADO DESTINO]])*(IMPOSTOS!D:D=Table1[[#This Row],[ICMS]]),0)),IF(AND(Table1[[#This Row],[NATUREZA OPERAÇÃO]]="CONSUMO",Table1[[#This Row],[IE?]]="SIM"),INDEX(IMPOSTOS!F:F,MATCH(1,(IMPOSTOS!B:B=Table1[[#This Row],[NCM]])*(IMPOSTOS!C:C=Table1[[#This Row],[ESTADO DESTINO]])*(IMPOSTOS!D:D=Table1[[#This Row],[ICMS]]),0)),IF(AND(Table1[[#This Row],[NATUREZA OPERAÇÃO]]="CONSUMO",Table1[[#This Row],[IE?]]="NÃO"),INDEX(IMPOSTOS!G:G,MATCH(1,(IMPOSTOS!B:B=Table1[[#This Row],[NCM]])*(IMPOSTOS!C:C=Table1[[#This Row],[ESTADO DESTINO]])*(IMPOSTOS!D:D=Table1[[#This Row],[ICMS]]),0)),"NÃO ENCONTRADO")))} -> NÃO ENCONTRADO | L83: 114.43269 | M83: =L83*1.23 -> 140.75221 | N83: =L83*1.2 -> 137.31923 | O83: =L83*1.17 -> 133.88624 | P83: =(L83+O83)/2 -> 124.15947 | Q83: =L83*1.01249086924762 -> 115.86205 | R83: =IFERROR(_xlfn.XLOOKUP(A83,'2025 NOV'!A:A,'2025 NOV'!L:L),"NÃO TEM NA LISTA 2025") -> 115.86205 | S83: IMPRESSORA OPEN FRAME | T83: N/A | U83: N/A | V83: N/A | W83: N/A | X83: N/A | Y83: N/A
A84: 915CW180500322 | B84: IMP TERM PLUS2 RX65 4-7.5V CAB | C84: 8443.32.99 | D84: Não | E84: 1 ano | F84: 0.15 | G84: =IF(Table1[[#This Row],[PPB]]="Sim",0.12,0.04) -> 0.04 | K84: {=IF(AND(Table1[[#This Row],[NATUREZA OPERAÇÃO]]="REVENDA",Table1[[#This Row],[IE?]]="SIM"),INDEX(IMPOSTOS!E:E,MATCH(1,(IMPOSTOS!B:B=Table1[[#This Row],[NCM]])*(IMPOSTOS!C:C=Table1[[#This Row],[ESTADO DESTINO]])*(IMPOSTOS!D:D=Table1[[#This Row],[ICMS]]),0)),IF(AND(Table1[[#This Row],[NATUREZA OPERAÇÃO]]="CONSUMO",Table1[[#This Row],[IE?]]="SIM"),INDEX(IMPOSTOS!F:F,MATCH(1,(IMPOSTOS!B:B=Table1[[#This Row],[NCM]])*(IMPOSTOS!C:C=Table1[[#This Row],[ESTADO DESTINO]])*(IMPOSTOS!D:D=Table1[[#This Row],[ICMS]]),0)),IF(AND(Table1[[#This Row],[NATUREZA OPERAÇÃO]]="CONSUMO",Table1[[#This Row],[IE?]]="NÃO"),INDEX(IMPOSTOS!G:G,MATCH(1,(IMPOSTOS!B:B=Table1[[#This Row],[NCM]])*(IMPOSTOS!C:C=Table1[[#This Row],[ESTADO DESTINO]])*(IMPOSTOS!D:D=Table1[[#This Row],[ICMS]]),0)),"NÃO ENCONTRADO")))} -> NÃO ENCONTRADO | L84: 130.08311 | M84: =L84*1.23 -> 160.00223 | N84: =L84*1.2 -> 156.09973 | O84: =L84*1.17 -> 152.19724 | P84: =(L84+O84)/2 -> 141.14018 | Q84: =L84*1.01249086924762 -> 131.70796 | R84: =IFERROR(_xlfn.XLOOKUP(A84,'2025 NOV'!A:A,'2025 NOV'!L:L),"NÃO TEM NA LISTA 2025") -> NÃO TEM NA LISTA 2025 | S84: IMPRESSORA OPEN FRAME | T84: N/A | U84: N/A | V84: N/A | W84: N/A | X84: N/A | Y84: N/A
A85: 9C3FH010000002 | B85: LEITOR COD BARRAS 2D USB KBR2D-C CASE | C85: 8471.90.12 | D85: Não | E85: 1 ano | F85: 0.0975 | G85: =IF(Table1[[#This Row],[PPB]]="Sim",0.12,0.04) -> 0.04 | K85: {=IF(AND(Table1[[#This Row],[NATUREZA OPERAÇÃO]]="REVENDA",Table1[[#This Row],[IE?]]="SIM"),INDEX(IMPOSTOS!E:E,MATCH(1,(IMPOSTOS!B:B=Table1[[#This Row],[NCM]])*(IMPOSTOS!C:C=Table1[[#This Row],[ESTADO DESTINO]])*(IMPOSTOS!D:D=Table1[[#This Row],[ICMS]]),0)),IF(AND(Table1[[#This Row],[NATUREZA OPERAÇÃO]]="CONSUMO",Table1[[#This Row],[IE?]]="SIM"),INDEX(IMPOSTOS!F:F,MATCH(1,(IMPOSTOS!B:B=Table1[[#This Row],[NCM]])*(IMPOSTOS!C:C=Table1[[#This Row],[ESTADO DESTINO]])*(IMPOSTOS!D:D=Table1[[#This Row],[ICMS]]),0)),IF(AND(Table1[[#This Row],[NATUREZA OPERAÇÃO]]="CONSUMO",Table1[[#This Row],[IE?]]="NÃO"),INDEX(IMPOSTOS!G:G,MATCH(1,(IMPOSTOS!B:B=Table1[[#This Row],[NCM]])*(IMPOSTOS!C:C=Table1[[#This Row],[ESTADO DESTINO]])*(IMPOSTOS!D:D=Table1[[#This Row],[ICMS]]),0)),"NÃO ENCONTRADO")))} -> NÃO ENCONTRADO | L85: 65.41887 | M85: =L85*1.23 -> 80.46521 | N85: =L85*1.2 -> 78.502644 | O85: =L85*1.17 -> 76.540077 | P85: =(L85+O85)/2 -> 70.979474 | Q85: =L85*1.01249086924762 -> 66.236008 | R85: =IFERROR(_xlfn.XLOOKUP(A85,'2025 NOV'!A:A,'2025 NOV'!L:L),"NÃO TEM NA LISTA 2025") -> 66.236008 | S85: LEITOR OPEN FRAME | T85: N/A | U85: N/A | V85: N/A | W85: N/A | X85: N/A | Y85: N/A
A86: 9C1FH016800010 | B86: LEITOR COD BARRAS 2D USB CBR2D-C CASE | C86: 8471.90.12 | D86: Não | E86: 1 ano | F86: 0.0975 | G86: =IF(Table1[[#This Row],[PPB]]="Sim",0.12,0.04) -> 0.04 | H86: SP | I86: CONSUMO | J86: SIM | K86: {=IF(AND(Table1[[#This Row],[NATUREZA OPERAÇÃO]]="REVENDA",Table1[[#This Row],[IE?]]="SIM"),INDEX(IMPOSTOS!E:E,MATCH(1,(IMPOSTOS!B:B=Table1[[#This Row],[NCM]])*(IMPOSTOS!C:C=Table1[[#This Row],[ESTADO DESTINO]])*(IMPOSTOS!D:D=Table1[[#This Row],[ICMS]]),0)),IF(AND(Table1[[#This Row],[NATUREZA OPERAÇÃO]]="CONSUMO",Table1[[#This Row],[IE?]]="SIM"),INDEX(IMPOSTOS!F:F,MATCH(1,(IMPOSTOS!B:B=Table1[[#This Row],[NCM]])*(IMPOSTOS!C:C=Table1[[#This Row],[ESTADO DESTINO]])*(IMPOSTOS!D:D=Table1[[#This Row],[ICMS]]),0)),IF(AND(Table1[[#This Row],[NATUREZA OPERAÇÃO]]="CONSUMO",Table1[[#This Row],[IE?]]="NÃO"),INDEX(IMPOSTOS!G:G,MATCH(1,(IMPOSTOS!B:B=Table1[[#This Row],[NCM]])*(IMPOSTOS!C:C=Table1[[#This Row],[ESTADO DESTINO]])*(IMPOSTOS!D:D=Table1[[#This Row],[ICMS]]),0)),"NÃO ENCONTRADO")))} -> 0.0909 | L86: 45.765073 | M86: =L86*1.23 -> 56.29104 | N86: =L86*1.2 -> 54.918087 | O86: =L86*1.17 -> 53.545135 | P86: =(L86+O86)/2 -> 49.655104 | Q86: =L86*1.01249086924762 -> 46.336718 | R86: =IFERROR(_xlfn.XLOOKUP(A86,'2025 NOV'!A:A,'2025 NOV'!L:L),"NÃO TEM NA LISTA 2025") -> 46.336718 | S86: LEITOR OPEN FRAME | T86: N/A | U86: N/A | V86: N/A | W86: N/A | X86: N/A | Y86: N/A
A87: 9C1FH016800020 | B87: LEITOR DE CODIGO DE BARRAS CBR2D-C USB/SERIAL | C87: 8471.90.12 | D87: Não | E87: 1 ano | F87: 0.0975 | G87: =IF(Table1[[#This Row],[PPB]]="Sim",0.12,0.04) -> 0.04 | K87: {=IF(AND(Table1[[#This Row],[NATUREZA OPERAÇÃO]]="REVENDA",Table1[[#This Row],[IE?]]="SIM"),INDEX(IMPOSTOS!E:E,MATCH(1,(IMPOSTOS!B:B=Table1[[#This Row],[NCM]])*(IMPOSTOS!C:C=Table1[[#This Row],[ESTADO DESTINO]])*(IMPOSTOS!D:D=Table1[[#This Row],[ICMS]]),0)),IF(AND(Table1[[#This Row],[NATUREZA OPERAÇÃO]]="CONSUMO",Table1[[#This Row],[IE?]]="SIM"),INDEX(IMPOSTOS!F:F,MATCH(1,(IMPOSTOS!B:B=Table1[[#This Row],[NCM]])*(IMPOSTOS!C:C=Table1[[#This Row],[ESTADO DESTINO]])*(IMPOSTOS!D:D=Table1[[#This Row],[ICMS]]),0)),IF(AND(Table1[[#This Row],[NATUREZA OPERAÇÃO]]="CONSUMO",Table1[[#This Row],[IE?]]="NÃO"),INDEX(IMPOSTOS!G:G,MATCH(1,(IMPOSTOS!B:B=Table1[[#This Row],[NCM]])*(IMPOSTOS!C:C=Table1[[#This Row],[ESTADO DESTINO]])*(IMPOSTOS!D:D=Table1[[#This Row],[ICMS]]),0)),"NÃO ENCONTRADO")))} -> NÃO ENCONTRADO | L87: 59.397222 | M87: =L87*1.23 -> 73.058583 | N87: =L87*1.2 -> 71.276667 | O87: =L87*1.17 -> 69.49475 | P87: =(L87+O87)/2 -> 64.445986 | Q87: =L87*1.01249086924762 -> 60.139145 | R87: =IFERROR(_xlfn.XLOOKUP(A87,'2025 NOV'!A:A,'2025 NOV'!L:L),"NÃO TEM NA LISTA 2025") -> 60.139145 | S87: LEITOR OPEN FRAME | T87: N/A | U87: N/A | V87: N/A | W87: N/A | X87: N/A | Y87: N/A
A88: 26500000000165 | B88: CABO SERIAL DB9/RJ45 PARA LEITOR CBR2D-C 2M | C88: 8471.90.12 | D88: Não | E88: N/A | F88: 0.0975 | G88: =IF(Table1[[#This Row],[PPB]]="Sim",0.12,0.04) -> 0.04 | K88: {=IF(AND(Table1[[#This Row],[NATUREZA OPERAÇÃO]]="REVENDA",Table1[[#This Row],[IE?]]="SIM"),INDEX(IMPOSTOS!E:E,MATCH(1,(IMPOSTOS!B:B=Table1[[#This Row],[NCM]])*(IMPOSTOS!C:C=Table1[[#This Row],[ESTADO DESTINO]])*(IMPOSTOS!D:D=Table1[[#This Row],[ICMS]]),0)),IF(AND(Table1[[#This Row],[NATUREZA OPERAÇÃO]]="CONSUMO",Table1[[#This Row],[IE?]]="SIM"),INDEX(IMPOSTOS!F:F,MATCH(1,(IMPOSTOS!B:B=Table1[[#This Row],[NCM]])*(IMPOSTOS!C:C=Table1[[#This Row],[ESTADO DESTINO]])*(IMPOSTOS!D:D=Table1[[#This Row],[ICMS]]),0)),IF(AND(Table1[[#This Row],[NATUREZA OPERAÇÃO]]="CONSUMO",Table1[[#This Row],[IE?]]="NÃO"),INDEX(IMPOSTOS!G:G,MATCH(1,(IMPOSTOS!B:B=Table1[[#This Row],[NCM]])*(IMPOSTOS!C:C=Table1[[#This Row],[ESTADO DESTINO]])*(IMPOSTOS!D:D=Table1[[#This Row],[ICMS]]),0)),"NÃO ENCONTRADO")))} -> NÃO ENCONTRADO | L88: 8.4345953 | M88: =L88*1.23 -> 10.374552 | N88: =L88*1.2 -> 10.121514 | O88: =L88*1.17 -> 9.8684764 | P88: =(L88+O88)/2 -> 9.1515359 | Q88: =L88*1.01249086924762 -> 8.5399507 | R88: =IFERROR(_xlfn.XLOOKUP(A88,'2025 NOV'!A:A,'2025 NOV'!L:L),"NÃO TEM NA LISTA 2025") -> 8.5399507 | S88: LEITOR OPEN FRAME | T88: N/A | U88: N/A | V88: N/A | W88: N/A | X88: N/A | Y88: N/A
A89: 992ED040600233 | B89: LEITOR DE CODIGO DE BARRAS CBR2D-T USB | C89: 8471.90.12 | D89: Não | E89: 1 ano | F89: 0.0975 | G89: =IF(Table1[[#This Row],[PPB]]="Sim",0.12,0.04) -> 0.04 | H89: PR | I89: CONSUMO | J89: SIM | K89: {=IF(AND(Table1[[#This Row],[NATUREZA OPERAÇÃO]]="REVENDA",Table1[[#This Row],[IE?]]="SIM"),INDEX(IMPOSTOS!E:E,MATCH(1,(IMPOSTOS!B:B=Table1[[#This Row],[NCM]])*(IMPOSTOS!C:C=Table1[[#This Row],[ESTADO DESTINO]])*(IMPOSTOS!D:D=Table1[[#This Row],[ICMS]]),0)),IF(AND(Table1[[#This Row],[NATUREZA OPERAÇÃO]]="CONSUMO",Table1[[#This Row],[IE?]]="SIM"),INDEX(IMPOSTOS!F:F,MATCH(1,(IMPOSTOS!B:B=Table1[[#This Row],[NCM]])*(IMPOSTOS!C:C=Table1[[#This Row],[ESTADO DESTINO]])*(IMPOSTOS!D:D=Table1[[#This Row],[ICMS]]),0)),IF(AND(Table1[[#This Row],[NATUREZA OPERAÇÃO]]="CONSUMO",Table1[[#This Row],[IE?]]="NÃO"),INDEX(IMPOSTOS!G:G,MATCH(1,(IMPOSTOS!B:B=Table1[[#This Row],[NCM]])*(IMPOSTOS!C:C=Table1[[#This Row],[ESTADO DESTINO]])*(IMPOSTOS!D:D=Table1[[#This Row],[ICMS]]),0)),"NÃO ENCONTRADO")))} -> 0 | L89: 120.74189 | M89: =L89*1.23 -> 148.51253 | N89: =L89*1.2 -> 144.89027 | O89: =L89*1.17 -> 141.26802 | P89: =(L89+O89)/2 -> 131.00496 | Q89: =L89*1.01249086924762 -> 122.25007 | R89: =IFERROR(_xlfn.XLOOKUP(A89,'2025 NOV'!A:A,'2025 NOV'!L:L),"NÃO TEM NA LISTA 2025") -> 122.25007 | S89: LEITOR OPEN FRAME | T89: N/A | U89: N/A | V89: N/A | W89: N/A | X89: N/A | Y89: N/A
A90: 26500000000172 | B90: CABO SERIAL DB9/RJ45 PARA LEITOR CBR2D-T 2M | C90: 8471.90.12 | D90: Não | E90: N/A | F90: 0.0975 | G90: =IF(Table1[[#This Row],[PPB]]="Sim",0.12,0.04) -> 0.04 | K90: {=IF(AND(Table1[[#This Row],[NATUREZA OPERAÇÃO]]="REVENDA",Table1[[#This Row],[IE?]]="SIM"),INDEX(IMPOSTOS!E:E,MATCH(1,(IMPOSTOS!B:B=Table1[[#This Row],[NCM]])*(IMPOSTOS!C:C=Table1[[#This Row],[ESTADO DESTINO]])*(IMPOSTOS!D:D=Table1[[#This Row],[ICMS]]),0)),IF(AND(Table1[[#This Row],[NATUREZA OPERAÇÃO]]="CONSUMO",Table1[[#This Row],[IE?]]="SIM"),INDEX(IMPOSTOS!F:F,MATCH(1,(IMPOSTOS!B:B=Table1[[#This Row],[NCM]])*(IMPOSTOS!C:C=Table1[[#This Row],[ESTADO DESTINO]])*(IMPOSTOS!D:D=Table1[[#This Row],[ICMS]]),0)),IF(AND(Table1[[#This Row],[NATUREZA OPERAÇÃO]]="CONSUMO",Table1[[#This Row],[IE?]]="NÃO"),INDEX(IMPOSTOS!G:G,MATCH(1,(IMPOSTOS!B:B=Table1[[#This Row],[NCM]])*(IMPOSTOS!C:C=Table1[[#This Row],[ESTADO DESTINO]])*(IMPOSTOS!D:D=Table1[[#This Row],[ICMS]]),0)),"NÃO ENCONTRADO")))} -> NÃO ENCONTRADO | L90: 7.7011522 | M90: =L90*1.23 -> 9.4724172 | N90: =L90*1.2 -> 9.2413826 | O90: =L90*1.17 -> 9.0103481 | P90: =(L90+O90)/2 -> 8.3557501 | Q90: =L90*1.01249086924762 -> 7.7973463 | R90: =IFERROR(_xlfn.XLOOKUP(A90,'2025 NOV'!A:A,'2025 NOV'!L:L),"NÃO TEM NA LISTA 2025") -> 7.7973463 | S90: LEITOR OPEN FRAME | T90: N/A | U90: N/A | V90: N/A | W90: N/A | X90: N/A | Y90: N/A
A91: 976ZZ010000347 | B91: CABO SERIAL DB9/RJ45 PARA LEITOR CBR2D-V 2M | C91: 8471.90.12 | D91: Não | E91: N/A | F91: 0.0975 | G91: =IF(Table1[[#This Row],[PPB]]="Sim",0.12,0.04) -> 0.04 | K91: {=IF(AND(Table1[[#This Row],[NATUREZA OPERAÇÃO]]="REVENDA",Table1[[#This Row],[IE?]]="SIM"),INDEX(IMPOSTOS!E:E,MATCH(1,(IMPOSTOS!B:B=Table1[[#This Row],[NCM]])*(IMPOSTOS!C:C=Table1[[#This Row],[ESTADO DESTINO]])*(IMPOSTOS!D:D=Table1[[#This Row],[ICMS]]),0)),IF(AND(Table1[[#This Row],[NATUREZA OPERAÇÃO]]="CONSUMO",Table1[[#This Row],[IE?]]="SIM"),INDEX(IMPOSTOS!F:F,MATCH(1,(IMPOSTOS!B:B=Table1[[#This Row],[NCM]])*(IMPOSTOS!C:C=Table1[[#This Row],[ESTADO DESTINO]])*(IMPOSTOS!D:D=Table1[[#This Row],[ICMS]]),0)),IF(AND(Table1[[#This Row],[NATUREZA OPERAÇÃO]]="CONSUMO",Table1[[#This Row],[IE?]]="NÃO"),INDEX(IMPOSTOS!G:G,MATCH(1,(IMPOSTOS!B:B=Table1[[#This Row],[NCM]])*(IMPOSTOS!C:C=Table1[[#This Row],[ESTADO DESTINO]])*(IMPOSTOS!D:D=Table1[[#This Row],[ICMS]]),0)),"NÃO ENCONTRADO")))} -> NÃO ENCONTRADO | L91: 8.4538085 | M91: =L91*1.23 -> 10.398184 | N91: =L91*1.2 -> 10.14457 | O91: =L91*1.17 -> 9.8909559 | P91: =(L91+O91)/2 -> 9.1723822 | Q91: =L91*1.01249086924762 -> 8.5594039 | R91: =IFERROR(_xlfn.XLOOKUP(A91,'2025 NOV'!A:A,'2025 NOV'!L:L),"NÃO TEM NA LISTA 2025") -> NÃO TEM NA LISTA 2025 | S91: LEITOR OPEN FRAME | T91: N/A | U91: N/A | V91: N/A | W91: N/A | X91: N/A | Y91: N/A
A92: 932AD180100M33 | B92: CTM-0700 OF MONITOR DE VIDEO 7" COM TOUCH PCAP | C92: 8528.52.00 | D92: Sim | E92: 1 ano | F92: 0.15 | G92: =IF(Table1[[#This Row],[PPB]]="Sim",0.12,0.04) -> 0.12 | K92: {=IF(AND(Table1[[#This Row],[NATUREZA OPERAÇÃO]]="REVENDA",Table1[[#This Row],[IE?]]="SIM"),INDEX(IMPOSTOS!E:E,MATCH(1,(IMPOSTOS!B:B=Table1[[#This Row],[NCM]])*(IMPOSTOS!C:C=Table1[[#This Row],[ESTADO DESTINO]])*(IMPOSTOS!D:D=Table1[[#This Row],[ICMS]]),0)),IF(AND(Table1[[#This Row],[NATUREZA OPERAÇÃO]]="CONSUMO",Table1[[#This Row],[IE?]]="SIM"),INDEX(IMPOSTOS!F:F,MATCH(1,(IMPOSTOS!B:B=Table1[[#This Row],[NCM]])*(IMPOSTOS!C:C=Table1[[#This Row],[ESTADO DESTINO]])*(IMPOSTOS!D:D=Table1[[#This Row],[ICMS]]),0)),IF(AND(Table1[[#This Row],[NATUREZA OPERAÇÃO]]="CONSUMO",Table1[[#This Row],[IE?]]="NÃO"),INDEX(IMPOSTOS!G:G,MATCH(1,(IMPOSTOS!B:B=Table1[[#This Row],[NCM]])*(IMPOSTOS!C:C=Table1[[#This Row],[ESTADO DESTINO]])*(IMPOSTOS!D:D=Table1[[#This Row],[ICMS]]),0)),"NÃO ENCONTRADO")))} -> NÃO ENCONTRADO | L92: 186.29011 | M92: =L92*1.23 -> 229.13684 | N92: =L92*1.2 -> 223.54813 | O92: =L92*1.17 -> 217.95943 | P92: =(L92+O92)/2 -> 202.12477 | Q92: =L92*1.01249086924762 -> 188.61704 | R92: =IFERROR(_xlfn.XLOOKUP(A92,'2025 NOV'!A:A,'2025 NOV'!L:L),"NÃO TEM NA LISTA 2025") -> 188.61704 | S92: MONITOR OPEN FRAME | T92: N/A | U92: 7 | V92: N/A | W92: N/A | X92: N/A | Y92: N/A
A93: 932AD180200M33 | B93: CTM-0700 OF MONITOR DE VIDEO 7" NO TOUCH PCAP | C93: 8528.52.00 | D93: Sim | E93: 1 ano | F93: 0.15 | G93: =IF(Table1[[#This Row],[PPB]]="Sim",0.12,0.04) -> 0.12 | K93: {=IF(AND(Table1[[#This Row],[NATUREZA OPERAÇÃO]]="REVENDA",Table1[[#This Row],[IE?]]="SIM"),INDEX(IMPOSTOS!E:E,MATCH(1,(IMPOSTOS!B:B=Table1[[#This Row],[NCM]])*(IMPOSTOS!C:C=Table1[[#This Row],[ESTADO DESTINO]])*(IMPOSTOS!D:D=Table1[[#This Row],[ICMS]]),0)),IF(AND(Table1[[#This Row],[NATUREZA OPERAÇÃO]]="CONSUMO",Table1[[#This Row],[IE?]]="SIM"),INDEX(IMPOSTOS!F:F,MATCH(1,(IMPOSTOS!B:B=Table1[[#This Row],[NCM]])*(IMPOSTOS!C:C=Table1[[#This Row],[ESTADO DESTINO]])*(IMPOSTOS!D:D=Table1[[#This Row],[ICMS]]),0)),IF(AND(Table1[[#This Row],[NATUREZA OPERAÇÃO]]="CONSUMO",Table1[[#This Row],[IE?]]="NÃO"),INDEX(IMPOSTOS!G:G,MATCH(1,(IMPOSTOS!B:B=Table1[[#This Row],[NCM]])*(IMPOSTOS!C:C=Table1[[#This Row],[ESTADO DESTINO]])*(IMPOSTOS!D:D=Table1[[#This Row],[ICMS]]),0)),"NÃO ENCONTRADO")))} -> NÃO ENCONTRADO | L93: 129.4895 | M93: =L93*1.23 -> 159.27209 | N93: =L93*1.2 -> 155.3874 | O93: =L93*1.17 -> 151.50272 | P93: =(L93+O93)/2 -> 140.49611 | Q93: =L93*1.01249086924762 -> 131.10694 | R93: =IFERROR(_xlfn.XLOOKUP(A93,'2025 NOV'!A:A,'2025 NOV'!L:L),"NÃO TEM NA LISTA 2025") -> 131.10694 | S93: MONITOR OPEN FRAME | T93: N/A | U93: 7 | V93: N/A | W93: N/A | X93: N/A | Y93: N/A
A94: 932AD150100M33 | B94: CTM-1010 OF MONITOR DE VIDEO 10.1" COM TOUCH PCAP | C94: 8528.52.00 | D94: Sim | E94: 1 ano | F94: 0.15 | G94: =IF(Table1[[#This Row],[PPB]]="Sim",0.12,0.04) -> 0.12 | H94: SP | I94: CONSUMO | J94: NÃO | K94: {=IF(AND(Table1[[#This Row],[NATUREZA OPERAÇÃO]]="REVENDA",Table1[[#This Row],[IE?]]="SIM"),INDEX(IMPOSTOS!E:E,MATCH(1,(IMPOSTOS!B:B=Table1[[#This Row],[NCM]])*(IMPOSTOS!C:C=Table1[[#This Row],[ESTADO DESTINO]])*(IMPOSTOS!D:D=Table1[[#This Row],[ICMS]]),0)),IF(AND(Table1[[#This Row],[NATUREZA OPERAÇÃO]]="CONSUMO",Table1[[#This Row],[IE?]]="SIM"),INDEX(IMPOSTOS!F:F,MATCH(1,(IMPOSTOS!B:B=Table1[[#This Row],[NCM]])*(IMPOSTOS!C:C=Table1[[#This Row],[ESTADO DESTINO]])*(IMPOSTOS!D:D=Table1[[#This Row],[ICMS]]),0)),IF(AND(Table1[[#This Row],[NATUREZA OPERAÇÃO]]="CONSUMO",Table1[[#This Row],[IE?]]="NÃO"),INDEX(IMPOSTOS!G:G,MATCH(1,(IMPOSTOS!B:B=Table1[[#This Row],[NCM]])*(IMPOSTOS!C:C=Table1[[#This Row],[ESTADO DESTINO]])*(IMPOSTOS!D:D=Table1[[#This Row],[ICMS]]),0)),"NÃO ENCONTRADO")))} -> 0.06 | L94: 187.906 | M94: =L94*1.23 -> 231.12438 | N94: =L94*1.2 -> 225.4872 | O94: =L94*1.17 -> 219.85002 | P94: =(L94+O94)/2 -> 203.87801 | Q94: =L94*1.01249086924762 -> 190.25311 | R94: =IFERROR(_xlfn.XLOOKUP(A94,'2025 NOV'!A:A,'2025 NOV'!L:L),"NÃO TEM NA LISTA 2025") -> 190.25716 | S94: MONITOR OPEN FRAME | T94: N/A | U94: 10.1 | V94: N/A | W94: N/A | X94: N/A | Y94: N/A
A95: 932AD150900M33 | B95: CTM-1010 OF MONITOR DE VIDEO 10.1" NO TOUCH | C95: 8528.52.00 | D95: Sim | E95: 1 ano | F95: 0.15 | G95: =IF(Table1[[#This Row],[PPB]]="Sim",0.12,0.04) -> 0.12 | K95: {=IF(AND(Table1[[#This Row],[NATUREZA OPERAÇÃO]]="REVENDA",Table1[[#This Row],[IE?]]="SIM"),INDEX(IMPOSTOS!E:E,MATCH(1,(IMPOSTOS!B:B=Table1[[#This Row],[NCM]])*(IMPOSTOS!C:C=Table1[[#This Row],[ESTADO DESTINO]])*(IMPOSTOS!D:D=Table1[[#This Row],[ICMS]]),0)),IF(AND(Table1[[#This Row],[NATUREZA OPERAÇÃO]]="CONSUMO",Table1[[#This Row],[IE?]]="SIM"),INDEX(IMPOSTOS!F:F,MATCH(1,(IMPOSTOS!B:B=Table1[[#This Row],[NCM]])*(IMPOSTOS!C:C=Table1[[#This Row],[ESTADO DESTINO]])*(IMPOSTOS!D:D=Table1[[#This Row],[ICMS]]),0)),IF(AND(Table1[[#This Row],[NATUREZA OPERAÇÃO]]="CONSUMO",Table1[[#This Row],[IE?]]="NÃO"),INDEX(IMPOSTOS!G:G,MATCH(1,(IMPOSTOS!B:B=Table1[[#This Row],[NCM]])*(IMPOSTOS!C:C=Table1[[#This Row],[ESTADO DESTINO]])*(IMPOSTOS!D:D=Table1[[#This Row],[ICMS]]),0)),"NÃO ENCONTRADO")))} -> NÃO ENCONTRADO | L95: 146.94379 | M95: =L95*1.23 -> 180.74086 | N95: =L95*1.2 -> 176.33255 | O95: =L95*1.17 -> 171.92423 | P95: =(L95+O95)/2 -> 159.43401 | Q95: =L95*1.01249086924762 -> 148.77924 | R95: =IFERROR(_xlfn.XLOOKUP(A95,'2025 NOV'!A:A,'2025 NOV'!L:L),"NÃO TEM NA LISTA 2025") -> 148.77541 | S95: MONITOR OPEN FRAME | T95: N/A | U95: 10.1 | V95: N/A | W95: N/A | X95: N/A | Y95: N/A
A96: 932AD151100M33 | B96: CTM-1010 OF MONITOR DE VIDEO 10.1" NO TOUCH | C96: 8528.52.00 | D96: Sim | E96: 1 ano | F96: 0.15 | G96: =IF(Table1[[#This Row],[PPB]]="Sim",0.12,0.04) -> 0.12 | K96: {=IF(AND(Table1[[#This Row],[NATUREZA OPERAÇÃO]]="REVENDA",Table1[[#This Row],[IE?]]="SIM"),INDEX(IMPOSTOS!E:E,MATCH(1,(IMPOSTOS!B:B=Table1[[#This Row],[NCM]])*(IMPOSTOS!C:C=Table1[[#This Row],[ESTADO DESTINO]])*(IMPOSTOS!D:D=Table1[[#This Row],[ICMS]]),0)),IF(AND(Table1[[#This Row],[NATUREZA OPERAÇÃO]]="CONSUMO",Table1[[#This Row],[IE?]]="SIM"),INDEX(IMPOSTOS!F:F,MATCH(1,(IMPOSTOS!B:B=Table1[[#This Row],[NCM]])*(IMPOSTOS!C:C=Table1[[#This Row],[ESTADO DESTINO]])*(IMPOSTOS!D:D=Table1[[#This Row],[ICMS]]),0)),IF(AND(Table1[[#This Row],[NATUREZA OPERAÇÃO]]="CONSUMO",Table1[[#This Row],[IE?]]="NÃO"),INDEX(IMPOSTOS!G:G,MATCH(1,(IMPOSTOS!B:B=Table1[[#This Row],[NCM]])*(IMPOSTOS!C:C=Table1[[#This Row],[ESTADO DESTINO]])*(IMPOSTOS!D:D=Table1[[#This Row],[ICMS]]),0)),"NÃO ENCONTRADO")))} -> NÃO ENCONTRADO | L96: 169.22974 | M96: =L96*1.23 -> 208.15258 | N96: =L96*1.2 -> 203.07569 | O96: =L96*1.17 -> 197.9988 | P96: =(L96+O96)/2 -> 183.61427 | Q96: =L96*1.01249086924762 -> 171.34357 | R96: =IFERROR(_xlfn.XLOOKUP(A96,'2025 NOV'!A:A,'2025 NOV'!L:L),"NÃO TEM NA LISTA 2025") -> NÃO TEM NA LISTA 2025 | S96: MONITOR OPEN FRAME | T96: N/A | U96: 10.1 | V96: N/A | W96: N/A | X96: N/A | Y96: N/A
A97: 932AD060600M33 | B97: CTM-1500 OF MONITOR DE VIDEO 15" COM TOUCH PCAP | C97: 8528.52.00 | D97: Sim | E97: 1 ano | F97: 0.15 | G97: =IF(Table1[[#This Row],[PPB]]="Sim",0.12,0.04) -> 0.12 | K97: {=IF(AND(Table1[[#This Row],[NATUREZA OPERAÇÃO]]="REVENDA",Table1[[#This Row],[IE?]]="SIM"),INDEX(IMPOSTOS!E:E,MATCH(1,(IMPOSTOS!B:B=Table1[[#This Row],[NCM]])*(IMPOSTOS!C:C=Table1[[#This Row],[ESTADO DESTINO]])*(IMPOSTOS!D:D=Table1[[#This Row],[ICMS]]),0)),IF(AND(Table1[[#This Row],[NATUREZA OPERAÇÃO]]="CONSUMO",Table1[[#This Row],[IE?]]="SIM"),INDEX(IMPOSTOS!F:F,MATCH(1,(IMPOSTOS!B:B=Table1[[#This Row],[NCM]])*(IMPOSTOS!C:C=Table1[[#This Row],[ESTADO DESTINO]])*(IMPOSTOS!D:D=Table1[[#This Row],[ICMS]]),0)),IF(AND(Table1[[#This Row],[NATUREZA OPERAÇÃO]]="CONSUMO",Table1[[#This Row],[IE?]]="NÃO"),INDEX(IMPOSTOS!G:G,MATCH(1,(IMPOSTOS!B:B=Table1[[#This Row],[NCM]])*(IMPOSTOS!C:C=Table1[[#This Row],[ESTADO DESTINO]])*(IMPOSTOS!D:D=Table1[[#This Row],[ICMS]]),0)),"NÃO ENCONTRADO")))} -> NÃO ENCONTRADO | L97: 275.07917 | M97: =L97*1.23 -> 338.34738 | N97: =L97*1.2 -> 330.09501 | O97: =L97*1.17 -> 321.84263 | P97: =(L97+O97)/2 -> 298.4609 | Q97: =L97*1.01249086924762 -> 278.51515 | R97: =IFERROR(_xlfn.XLOOKUP(A97,'2025 NOV'!A:A,'2025 NOV'!L:L),"NÃO TEM NA LISTA 2025") -> 278.51515 | S97: MONITOR OPEN FRAME | T97: N/A | U97: 15 | V97: N/A | W97: N/A | X97: N/A | Y97: N/A
A98: 932AD160600M33 | B98: CTM-1560 OF MONITOR DE VIDEO 15.6" COM TOUCH PCAP | C98: 8528.52.00 | D98: Sim | E98: 1 ano | F98: 0.15 | G98: =IF(Table1[[#This Row],[PPB]]="Sim",0.12,0.04) -> 0.12 | K98: {=IF(AND(Table1[[#This Row],[NATUREZA OPERAÇÃO]]="REVENDA",Table1[[#This Row],[IE?]]="SIM"),INDEX(IMPOSTOS!E:E,MATCH(1,(IMPOSTOS!B:B=Table1[[#This Row],[NCM]])*(IMPOSTOS!C:C=Table1[[#This Row],[ESTADO DESTINO]])*(IMPOSTOS!D:D=Table1[[#This Row],[ICMS]]),0)),IF(AND(Table1[[#This Row],[NATUREZA OPERAÇÃO]]="CONSUMO",Table1[[#This Row],[IE?]]="SIM"),INDEX(IMPOSTOS!F:F,MATCH(1,(IMPOSTOS!B:B=Table1[[#This Row],[NCM]])*(IMPOSTOS!C:C=Table1[[#This Row],[ESTADO DESTINO]])*(IMPOSTOS!D:D=Table1[[#This Row],[ICMS]]),0)),IF(AND(Table1[[#This Row],[NATUREZA OPERAÇÃO]]="CONSUMO",Table1[[#This Row],[IE?]]="NÃO"),INDEX(IMPOSTOS!G:G,MATCH(1,(IMPOSTOS!B:B=Table1[[#This Row],[NCM]])*(IMPOSTOS!C:C=Table1[[#This Row],[ESTADO DESTINO]])*(IMPOSTOS!D:D=Table1[[#This Row],[ICMS]]),0)),"NÃO ENCONTRADO")))} -> NÃO ENCONTRADO | L98: 326.55 | M98: =L98*1.23 -> 401.6565 | N98: =L98*1.2 -> 391.86 | O98: =L98*1.17 -> 382.0635 | P98: =(L98+O98)/2 -> 354.30675 | Q98: =L98*1.01249086924762 -> 330.62889 | R98: =IFERROR(_xlfn.XLOOKUP(A98,'2025 NOV'!A:A,'2025 NOV'!L:L),"NÃO TEM NA LISTA 2025") -> 329.15427 | S98: MONITOR OPEN FRAME | T98: N/A | U98: 15.6 | V98: N/A | W98: N/A | X98: N/A | Y98: N/A
A99: 932AD072700M33 | B99: CTM-1700 OF MONITOR DE VIDEO 17" COM TOUCH PCAP | C99: 8528.52.00 | D99: Sim | E99: 1 ano | F99: 0.15 | G99: =IF(Table1[[#This Row],[PPB]]="Sim",0.12,0.04) -> 0.12 | K99: {=IF(AND(Table1[[#This Row],[NATUREZA OPERAÇÃO]]="REVENDA",Table1[[#This Row],[IE?]]="SIM"),INDEX(IMPOSTOS!E:E,MATCH(1,(IMPOSTOS!B:B=Table1[[#This Row],[NCM]])*(IMPOSTOS!C:C=Table1[[#This Row],[ESTADO DESTINO]])*(IMPOSTOS!D:D=Table1[[#This Row],[ICMS]]),0)),IF(AND(Table1[[#This Row],[NATUREZA OPERAÇÃO]]="CONSUMO",Table1[[#This Row],[IE?]]="SIM"),INDEX(IMPOSTOS!F:F,MATCH(1,(IMPOSTOS!B:B=Table1[[#This Row],[NCM]])*(IMPOSTOS!C:C=Table1[[#This Row],[ESTADO DESTINO]])*(IMPOSTOS!D:D=Table1[[#This Row],[ICMS]]),0)),IF(AND(Table1[[#This Row],[NATUREZA OPERAÇÃO]]="CONSUMO",Table1[[#This Row],[IE?]]="NÃO"),INDEX(IMPOSTOS!G:G,MATCH(1,(IMPOSTOS!B:B=Table1[[#This Row],[NCM]])*(IMPOSTOS!C:C=Table1[[#This Row],[ESTADO DESTINO]])*(IMPOSTOS!D:D=Table1[[#This Row],[ICMS]]),0)),"NÃO ENCONTRADO")))} -> NÃO ENCONTRADO | L99: 387.5681 | M99: =L99*1.23 -> 476.70876 | N99: =L99*1.2 -> 465.08172 | O99: =L99*1.17 -> 453.45467 | P99: =(L99+O99)/2 -> 420.51138 | Q99: =L99*1.01249086924762 -> 392.40916 | R99: =IFERROR(_xlfn.XLOOKUP(A99,'2025 NOV'!A:A,'2025 NOV'!L:L),"NÃO TEM NA LISTA 2025") -> 392.40916 | S99: MONITOR OPEN FRAME | T99: N/A | U99: 17 | V99: N/A | W99: N/A | X99: N/A | Y99: N/A
A100: 932AD170300M33 | B100: CTM-1850 OF MONITOR DE VIDEO 18.5" COM TOUCH PCAP | C100: 8528.52.00 | D100: Sim | E100: 1 ano | F100: 0.15 | G100: =IF(Table1[[#This Row],[PPB]]="Sim",0.12,0.04) -> 0.12 | K100: {=IF(AND(Table1[[#This Row],[NATUREZA OPERAÇÃO]]="REVENDA",Table1[[#This Row],[IE?]]="SIM"),INDEX(IMPOSTOS!E:E,MATCH(1,(IMPOSTOS!B:B=Table1[[#This Row],[NCM]])*(IMPOSTOS!C:C=Table1[[#This Row],[ESTADO DESTINO]])*(IMPOSTOS!D:D=Table1[[#This Row],[ICMS]]),0)),IF(AND(Table1[[#This Row],[NATUREZA OPERAÇÃO]]="CONSUMO",Table1[[#This Row],[IE?]]="SIM"),INDEX(IMPOSTOS!F:F,MATCH(1,(IMPOSTOS!B:B=Table1[[#This Row],[NCM]])*(IMPOSTOS!C:C=Table1[[#This Row],[ESTADO DESTINO]])*(IMPOSTOS!D:D=Table1[[#This Row],[ICMS]]),0)),IF(AND(Table1[[#This Row],[NATUREZA OPERAÇÃO]]="CONSUMO",Table1[[#This Row],[IE?]]="NÃO"),INDEX(IMPOSTOS!G:G,MATCH(1,(IMPOSTOS!B:B=Table1[[#This Row],[NCM]])*(IMPOSTOS!C:C=Table1[[#This Row],[ESTADO DESTINO]])*(IMPOSTOS!D:D=Table1[[#This Row],[ICMS]]),0)),"NÃO ENCONTRADO")))} -> NÃO ENCONTRADO | L100: 352.83051 | M100: =L100*1.23 -> 433.98153 | N100: =L100*1.2 -> 423.39662 | O100: =L100*1.17 -> 412.8117 | P100: =(L100+O100)/2 -> 382.82111 | Q100: =L100*1.01249086924762 -> 357.23767 | R100: =IFERROR(_xlfn.XLOOKUP(A100,'2025 NOV'!A:A,'2025 NOV'!L:L),"NÃO TEM NA LISTA 2025") -> 357.23767 | S100: MONITOR OPEN FRAME | T100: N/A | U100: 18.5 | V100: N/A | W100: N/A | X100: N/A | Y100: N/A
...

Sheet 2025 NOV
A1: PN | B1: DESCRIÇÃO | C1: PPB | D1: GARANTIA | E1: IPI | F1: MOEDA | G1: DISTRI | H1: 1 - 5 | I1: 6 - 10 | J1: 10+ | K1: ESPECIAL | L1: SHOWROOM
A2: 932AD161100M33 | B2: MON LCD PCAP LITE 15.6 VGA/HDMI LOGO CBR BRA | C2: Não | D2: 1 ano | E2: 0.15 | F2: Dólar | G2: 247.69393 | H2: 304.66354 | I2: 297.23272 | J2: 289.8019 | K2: 268.74792 | L2: 250.78785
A3: 921LD020700733 | B3: NPDV FUSION PC 10.1 CX REG 2TPCAP IMP ETH PR DISP.CLI BRA * | C3: Não | D3: 3 anos | E3: 0.15 | F3: Dólar | G3: 595.33779 | H3: 732.26548 | I3: 714.40535 | J3: 696.54521 | K3: 645.9415 | L3: 602.77407
A4: 931FL103300L33 | B4: CX REG SIRIUS PC 15.6" PCAP + 15.6" J6412 8/128GB | C4: Não | D4: 3 anos | E4: 0.15 | F4: Dólar | G4: 704.58497 | H4: 866.63951 | I4: 845.50196 | J4: 824.36441 | K4: 764.47469 | L4: 713.38585
A5: 931FL104900L33 | B5: CX REG SIRIUS PC 15.6" J6412 8/128GB | C5: Não | D5: 3 anos | E5: 0.15 | F5: Dólar | G5: 523.07588 | H5: 643.38333 | I5: 627.69105 | J5: 611.99878 | K5: 567.53733 | L5: 529.60955
A6: 921LB660400733 | B6: CX REG SIRIUS 15.6" J6412 8+128 GB WIN IOT BRA | C6: Não | D6: 3 anos | E6: 0.15 | F6: Dólar | G6: 654.95742 | H6: 805.59763 | I6: 785.94891 | J6: 766.30019 | K6: 710.62881 | L6: 663.13841
A7: 931FL105000L33 | B7: CX REG SIRIUS PC 15.6" J6412 8/128GB +11.6" NO TOUCH | C7: Não | D7: 3 anos | E7: 0.15 | F7: Dólar | G7: 669.93115 | H7: 824.01531 | I7: 803.91738 | J7: 783.81944 | K7: 726.8753 | L7: 678.29917
A8: 921LB660600733 | B8: CX REG SIRIUS 15.6" + 11.6" J6412 8+128 GB NO TOUCH WIN IOT BRA | C8: Não | D8: 3 anos | E8: 0.15 | F8: Dólar | G8: 784.73047 | H8: 965.21848 | I8: 941.67657 | J8: 918.13465 | K8: 851.43256 | L8: 794.53244
A9: 931FL105100L33 | B9: CX REG SIRIUS PC 15.6" J6412 8/128GB +11.6" TOUCH | C9: Não | D9: 3 anos | E9: 0.15 | F9: Dólar | G9: 707.32594 | H9: 870.0109 | I9: 848.79112 | J9: 827.57135 | K9: 767.44864 | L9: 716.16105
A10: 921LB660800733 | B10: CX REG SIRIUS 15.6" + 11.6" PCAP J6412 8+128 GB TOUCH WIN IOT BRA | C10: Não | D10: 3 anos | E10: 0.15 | F10: Dólar | G10: 822.83558 | H10: 1012.0878 | I10: 987.40269 | J10: 962.71762 | K10: 892.7766 | L10: 833.11351
A11: 921LB661700233 | B11: CX REG SIRIUS 15.6" 8XUSB J6412 8/128GB | C11: Não | D11: 3 anos | E11: 0.15 | F11: Dólar | G11: 563.58894 | H11: 693.21439 | I11: 676.30672 | J11: 659.39906 | K11: 611.494 | L11: 570.62865
A12: 931FL102900L33 | B12: CX REG VEGA 11.6 J6412 4+128 GB | C12: Não | D12: 3 anos | E12: 0.15 | F12: Dólar | G12: 647.89307 | H12: 796.90848 | I12: 777.47169 | J12: 758.03489 | K12: 702.96398 | L12: 655.98582
A13: 931FL106000L33 | B13: CX REG VEGA PC 11.6" J6412 4/128GB IMP TER 80MM + ALTO-FALANTE | C13: Não | D13: 3 anos | E13: 0.15 | F13: Dólar | G13: 647.96296 | H13: 796.99444 | I13: 777.55556 | J13: 758.11667 | K13: 703.03981 | L13: 656.05658
... A32: 931FL103100L33 | B32: ANTARES ANDR - RK3568 2GB/16GB 15.6" PCAP + 11.6" + 80MM PRINTER | C32: Não | D32: 3 anos | E32: 0.15 | F32: Dólar | G32: 668.63925 | H32: 822.42628 | I32: 802.36711 | J32: 782.30793 | K32: 725.47359 | L32: 676.99114
A33: 935RE010100L33 | B33: ORION 21.5"J6412 - RAM 8GB - SSD 128GB | F33: Dólar | G33: 705.3702 | H33: 867.60535 | I33: 846.44424 | J33: 825.28313 | K33: 765.32667 | L33: 714.18089
A34: 935RE010200L33 | B34: ORION 23.8"J6412 - RAM 8GB - SSD 128GB | F34: Dólar | G34: 757.40571 | H34: 931.60902 | I34: 908.88685 | J34: 886.16468 | K34: 821.78519 | L34: 766.86636
A35: 935RE010300L33 | B35: ORION 27"J6412 - RAM 8GB - SSD 128GB | F35: Dólar | G35: 787.33463 | H35: 968.42159 | I35: 944.80155 | J35: 921.18151 | K35: 854.25807 | L35: 797.16912
A36: 935RE010400L33 | B36: ORION 21.5" I5 12gen - RAM 8GB - SSD 128GB | F36: Dólar | G36: 1057.7152 | H36: 1300.9897 | I36: 1269.2582 | J36: 1237.5268 | K36: 1147.621 | L36: 1070.927
A37: 935RE010500L33 | B37: ORION 23.8" I5 12gen - RAM 8GB - SSD 128GB | F37: Dólar | G37: 1107.7101 | H37: 1362.4834 | I37: 1329.2521 | J37: 1296.0208 | K37: 1201.8655 | L37: 1121.5464
A38: 935RE010600L33 | B38: ORION 27" I5 12gen - RAM 8GB - SSD 128GB | F38: Dólar | G38: 1143.4207 | H38: 1406.4075 | I38: 1372.1049 | J38: 1337.8023 | K38: 1240.6115 | L38: 1157.7031
A39: 911MX010400733 | B39: IMP TERM P3L 80MM USB ETH RS232 BRA | C39: Não | D39: 3 anos | E39: 0.15 | F39: Dólar | G39: 66.961138 | H39: 82.3622 | I39: 80.353366 | J39: 78.344532 | K39: 72.652835 | L39: 67.797541
A40: 911MK010200233 | B40: IMP TERM ETQ D4 102 PRETA USB BRA | C40: Não | D40: 1 ano | E40: 0.15 | F40: Dólar | G40: 171.10334 | H40: 210.4571 | I40: 205.324 | J40: 200.1909 | K40: 185.64712 | L40: 173.24057
A41: 911LB640200J33 | B41: IMP ETIQUETAS CB425-LP | C41: Não | D41: 1 ano | E41: 0.15 | F41: Dólar | G41: 151.64175 | H41: 186.51935 | I41: 181.9701 | J41: 177.42085 | K41: 164.5313 | L41: 153.53589
A42: 995ED040700333 | B42: LEITOR CODIGO BARRAS 2D SR500NM USB STND | C42: Não | D42: 1 ano | E42: 0.0975 | F42: Dólar | G42: 136.95427 | H42: 168.45375 | I42: 164.34512 | J42: 160.23649 | K42: 148.59538 | L42: 138.66494
A43: 995ED040800333 | B43: LEITOR CODIGO BARRAS 2D SM600U USB BRA | C43: Não | D43: 1 ano | E43: 0.0975 | F43: Dólar | G43: 67.901695 | H43: 83.519085 | I43: 81.482034 | J43: 79.444983 | K43: 73.673339 | L43: 68.749846
A44: 992ED040700233 | B44: LEITOR DE CODIGO DE BARRAS CBR2D-V USB | C44: Não | D44: 1 ano | E44: 0.0975 | F44: Dólar | G44: 119.06505 | H44: 146.45001 | I44: 142.87806 | J44: 139.3061 | K44: 129.18558 | L44: 120.55227
A45: 995ED049900300 | B45: LEITOR DE CODIGO DE BARRAS CBR2D-V USB/SERIAL | C45: Não | D45: 1 ano | E45: 0.0975 | F45: Dólar | G45: 132.07762 | H45: 162.45547 | I45: 158.49314 | J45: 154.53082 | K45: 143.30422 | L45: 133.72738
A46: 992ED040500233 | B46: LEITOR DE CODIGO DE BARRAS CBR2D-P COM PEDESTAL USB | C46: Não | D46: 1 ano | E46: 0.0975 | F46: Dólar | G46: 47.758913 | H46: 58.743463 | I46: 57.310696 | J46: 55.877928 | K46: 51.818421 | L46: 48.355463
A47: 915DX012000300 | B47: VKP80III IMPRESSORA TERMICA RX65 USB RS232 REAR+HOLDER+ACES BRA(NOVA) | C47: Sim | D47: 1 ano | E47: 0.15 | F47: Dólar | G47: 276.28738 | H47: 339.83348 | I47: 331.54485 | J47: 323.25623 | K47: 299.77181 | L47: 279.73845
A48: 915CH020300300 | B48: TG 2480H (3) IMP TERM USB FONTE CABO AC/SERIAL BRA | C48: Sim | D48: 1 ano | E48: 0.15 | F48: Dólar | G48: 212.5982 | H48: 261.49578 | I48: 255.11783 | J48: 248.73989 | K48: 230.66904 | L48: 215.25373
A49: 915LC011600300 | B49: K80 IMP TERM USB FONTE CABO AC/SERIAL BRA | C49: Sim | D49: 1 ano | E49: 0.15 | F49: Dólar | G49: 178.52903 | H49: 219.59071 | I49: 214.23484 | J49: 208.87897 | K49: 193.704 | L49: 180.75901
A50: 976LC010000008 | B50: K80-F IMP TERM 80MM OF NPE PE FON USB PMB | C50: Sim | D50: 1 ano | E50: 0.15 | F50: Dólar | G50: 154.45292 | H50: 189.9771 | I50: 185.34351 | J50: 180.70992 | K50: 167.58142 | L50: 156.38217
... A53: 915AS020600300 | B53: IMP TERM KPM216HIII SER/USB/AC FONTE BRA | C53: Não | D53: 1 ano | E53: 0.15 | F53: Dólar | G53: 1116.5574 | H53: 1373.3656 | I53: 1339.8689 | J53: 1306.3721 | K53: 1211.4648 | L53: 1130.5042
A54: 915KV011400300 | B54: IMP TERM TPTCM112III 112MM 200DPI C/ CABO USB+NPE+FONTE | C54: Não | D54: 1 ano | E54: 0.15 | F54: Dólar | G54: 0 | K54: 0 | L54: 0
A55: 915AF010900133 | B55: IMP IMPAC FH190 40COL RS232 RTCK BRA | C55: Não | D55: 1 ano | E55: 0.15 | F55: Dólar | G55: 290.22783 | H55: 356.98023 | I55: 348.2734 | J55: 339.56656 | K55: 314.8972 | L55: 293.85303
A56: 974CW010000315 | B56: ADAPTADOR PLASTICO PARA IMP TER PLUS2 112X112 MM | C56: Não | D56: 1 ano | E56: 0.15 | F56: Dólar | G56: 14.84296 | H56: 18.256841 | I56: 17.811552 | J56: 17.366263 | K56: 16.104612 | L56: 15.028362
A57: 915NB010300333 | B57: IMP TERM PM2 4-7.5V C KIT CABOS BRA | C57: Não | D57: 1 ano | E57: 0.15 | F57: Dólar | G57: 119.40802 | H57: 146.87187 | I57: 143.28963 | J57: 139.70739 | K57: 129.5577 | L57: 120.89953
A58: 915NB010200333 | B58: IMP TERM PM2 4-7.5 V C KIT CABOS RS232 BRA | C58: Não | D58: 1 ano | E58: 0.15 | F58: Dólar | G58: 127.28563 | H58: 156.56133 | I58: 152.74276 | J58: 148.92419 | K58: 138.10491 | L58: 128.87554
A59: 915NB020200333 | B59: IMP TERM PM2 MINI 4.7-5V C KIT CABOS RS232 BRA | C59: Não | D59: 1 ano | E59: 0.15 | F59: Dólar | G59: 114.43269 | H59: 140.75221 | I59: 137.31923 | J59: 133.88624 | K59: 124.15947 | L59: 115.86205
A60: 915GJ010100322 | B60: IMP TERM PLUS4 KIT CABOS RS232 BRA | C60: Não | D60: 1 ano | E60: 0.15 | F60: Dólar | G60: 342.46763 | H60: 421.23519 | I60: 410.96116 | J60: 400.68713 | K60: 371.57738 | L60: 346.74535
A61: 9C3FH010000002 | B61: LEITOR COD BARRAS 2D USB KBR2D-C CASE | C61: Não | D61: 1 ano | E61: 0.0975 | F61: Dólar | G61: 65.41887 | H61: 80.46521 | I61: 78.502644 | J61: 76.540077 | K61: 70.979474 | L61: 66.236008
A62: 9C1FH016800010 | B62: LEITOR COD BARRAS 2D USB CBR2D-C CASE | C62: Não | D62: 1 ano | E62: 0.0975 | F62: Dólar | G62: 45.765073 | H62: 56.29104 | I62: 54.918087 | J62: 53.545135 | K62: 49.655104 | L62: 46.336718
A63: 9C1FH016800020 | B63: LEITOR DE CODIGO DE BARRAS CBR2D-C USB/SERIAL | C63: Não | D63: 1 ano | E63: 0.0975 | F63: Dólar | G63: 59.397222 | H63: 73.058583 | I63: 71.276667 | J63: 69.49475 | K63: 64.445986 | L63: 60.139145
A64: 26500000000165 | B64: CABO SERIAL DB9/RJ45 PARA LEITOR CBR2D-C 2M | C64: Não | D64: N/A | E64: 0.0975 | F64: Dólar | G64: 8.4345953 | H64: 10.374552 | I64: 10.121514 | J64: 9.8684764 | K64: 9.1515359 | L64: 8.5399507
A65: 992ED040600233 | B65: LEITOR DE CODIGO DE BARRAS CBR2D-T USB | C65: Não | D65: 1 ano | E65: 0.0975 | F65: Dólar | G65: 120.74189 | H65: 148.51253 | I65: 144.89027 | J65: 141.26802 | K65: 131.00496 | L65: 122.25007
A66: 26500000000172 | B66: CABO SERIAL DB9/RJ45 PARA LEITOR CBR2D-T 2M | C66: Não | D66: N/A | E66: 0.0975 | F66: Dólar | G66: 7.7011522 | H66: 9.4724172 | I66: 9.2413826 | J66: 9.0103481 | K66: 8.3557501 | L66: 7.7973463
... A80: 932AD210200L33 | B80: CTM-5500 OF MONITOR DE VIDEO 55" COM TOUCH PCAP | C80: Sim | D80: 1 ano | E80: 0.15 | F80: Dólar | G80: 1576.0297 | H80: 1938.5165 | I80: 1891.2356 | J80: 1843.9547 | K80: 1709.9922 | L80: 1595.7156
B81: CTM-0700 OF MONITOR DE VIDEO 7" COM TOUCH PCAP + PEDESTAL | C81: Sim | D81: 1 ano | E81: 0.15 | F81: Dólar | G81: 205.02496 | H81: 252.1807 | I81: 246.02995 | J81: 239.8792 | K81: 222.45208 | L81: 207.5859
B82: CTM-0700 OF MONITOR DE VIDEO 7" NO TOUCH PCAP + PEDESTAL | C82: Sim | D82: 1 ano | E82: 0.15 | F82: Dólar | G82: 152.52751 | H82: 187.60884 | I82: 183.03301 | J82: 178.45719 | K82: 165.49235 | L82: 154.43271
A83: 932AD150500M33 | B83: CTM-1010 OF MONITOR DE VIDEO 10.1" COM TOUCH PCAP + PEDESTAL | C83: Sim | D83: 1 ano | E83: 0.15 | F83: Dólar | G83: 208.01196 | H83: 255.85471 | I83: 249.61435 | J83: 243.37399 | K83: 225.69297 | L83: 210.61021
A84: 932AD150600M33 | B84: CTM-1010 OF MONITOR DE VIDEO 10.1" NO TOUCH PCAP + PEDESTAL | C84: Sim | D84: 1 ano | E84: 0.15 | F84: Dólar | G84: 213.10617 | H84: 262.12059 | I84: 255.7274 | J84: 249.33422 | K84: 231.22019 | L84: 215.76805
A85: 932AD062600L33 | B85: CTM-1500 OF MONITOR DE VIDEO 15" COM TOUCH PCAP + PEDESTAL | C85: Sim | D85: 1 ano | E85: 0.15 | F85: Dólar | G85: 318.40523 | H85: 391.63843 | I85: 382.08628 | J85: 372.53412 | K85: 345.46967 | L85: 322.38239
A86: 932AD160900M33 | B86: CTM-1560 OF MONITOR DE VIDEO 15.6" COM TOUCH PCAP + PEDESTAL | C86: Sim | D86: 1 ano | E86: 0.15 | F86: Dólar | G86: 327.37256 | H86: 402.66825 | I86: 392.84707 | J86: 383.02589 | K86: 355.19922 | L86: 331.46172
B87: CTM-1700 OF MONITOR DE VIDEO 17" COM TOUCH PCAP + PEDESTAL | C87: Sim | D87: 1 ano | E87: 0.15 | F87: Dólar | G87: 411.69809 | H87: 506.38865 | I87: 494.03771 | J87: 481.68677 | K87: 446.69243 | L87: 416.84056
A88: 932AD170500M33 | B88: CTM-1850 OF MONITOR DE VIDEO 18.5" COM TOUCH PCAP + PEDESTAL | C88: Sim | D88: 1 ano | E88: 0.15 | F88: Dólar | G88: 390.32579 | H88: 480.10072 | I88: 468.39094 | J88: 456.68117 | K88: 423.50348 | L88: 395.2013
A89: 974AD030000001 | B89: PEDESTAL ARTICULADO PARA MONITOR 7", 10.1" E 15.6 LITE | C89: Sim | D89: N/A | E89: 0.1 | F89: Dólar | G89: 44.455285 | H89: 54.68 | K89: 22.227642 | L89: 45.01057
A90: 974AD060000002 | B90: PEDESTAL ARTICULADO PARA MONITOR CTM DE 15" A 18.5" | C90: Sim | D90: N/A | E90: 0.1 | F90: Dólar | G90: 59.691057 | H90: 73.42 | K90: 29.845528 | L90: 60.43665

Sheet GERAL
A1: PN | B1: DESCRIÇÃO
A2: 932AD150700M33 | B2: MON LCD LITE 10.1 VGA/HDMI LOGO CBR BRA
B3: MON LCD PCAP LITE 10.1 VGA/HDMI LOGO CBR BRA
A4: 921LD020700733 | B4: MON LCD PCAP LITE 15.6 VGA/HDMI LOGO CBR BRA (new)
A5: 931FL104900L33 | B5: NPDV FUSION PC 10.1 CX REG 2TPCAP IMP ETH PR DISP.CLI BRA
A6: 931FL105000L33 | B6: CX REG SIRIUS PC 15.6" J6412 8/128GB
A7: 931FL105100L33 | B7: CX REG SIRIUS PC 15.6"J6412 8/128GB +11.6" NO TOUCH
A8: 931FL103300L33 | B8: CX REG SIRIUS PC 15.6"J6412 8/128GB +11.6" TOUCH
A9: 921LB661700233 | B9: CX REG SIRIUS PC 15.6" PCAP + 15.6" J6412 8/128GB
A10: 921LB660400733 | B10: CX REG SIRIUS 15.6"+11.6" PCAP 8XUSB J6412 8/128GB
A11: 921LB660600733 | B11: CX REG Sirius PC J6412 15.6" W.IoT 8/128 GB
A12: 921LB660800733 | B12: CX REG Sirius PC J6412 2 Telas 15.6" + 11.6" W. IoT 8/128 GB NO TOUCH
A13: 931FL104700L33 | B13: CX REG Sirius PC J6412 15.6" + 11.6" W. IoT 8/128 GB TOUCH
A14: 921LB661100733 | B14: CX REG SIRIUS PC 15.6" I3-10110U 8/128GB BRA
A15: 921LB661000733 | B15: CX REG SIRIUS PC 15.6" I3-10110U 8/128GB BRA +11.6" TOUCH
... A20: 921LB662200733 | B20: CX REG SIRIUS PC 15.6" i5-12110U 8/256GB +11.6" NO TOUCH
B21: CX REG SIRIUS PC 15.6" i5-12110U 8/256GB +11.6" TOUCH
A22: 921LB661400733 | B22: SIRIUS I5 12ª + 11.6" PCAP + 8USB 8/256 GB
A23: 921LB661500733 | B23: CX REG SIRIUS PC 15.6" I5 10TH 8/256GB WIN PRO BRA
A24: 935KY432500L33 | B24: CX REG SIRIUS PC 15.6" + 11.6 TOUCH I5 10TH 8/256GB WIN PRO
A25: 931FL102900L33 | B25: CX REG SIRIUS AND 11 15.6" RK3568 2/16 GB
A26: 931FL106000L33 | B26: CX REG VEGA PC 11.6" J6412 4/128GB IMP TER 80MM
A27: 921LB660100733 | B27: CX REG VEGA PC 11.6" J6412 4/128GB IMP TER 80MM + AUTO-FALANTE
A28: 931FL104600L33 | B28: CX REG VEGA PC 11.6" J6412 4/128GB WIN IOT IMP TER 80MM
A29: 921LB661200733 | B29: CX REG VEGA PC 11.6" I3-10110U 8/128GB IMP TER 80MM BRA
A30: 935KY432400L33 | B30: CX REG VEGA 11.6 I3 10GEN 8+128GB WIN PRO BRA
A31: 931FL103000L33 | B31: CX REG VEGA AND 11 11.6" RK3568 2/16 GB IMP TER 80MM
A32: 921LB660200733 | B32: CX REG ANTARES PC 15.6"+11.6" J6412 4/128GB IMP TER 80MM
A33: 931FL103100L33 | B33: CX REG Antares PC J6412 15.6" + 11.6" W. IoT 8/128 GB
B34: CX REG ANTARES AND 11 15.6"+11.6" RK3568 2/16 GB IMP TER 80MM
B35: LICENÇA WIN IOT X PCPOS (CELERON)
A36: 911MX010400733 | B36: Windows 11 PRO COEM (FQC-10520) (I3 - I5)
A37: 911LB640200J33 | B37: PRINTER P3L 80MM ETH USB RS232 BRA
A38: 995ED040800333 | B38: IMP TERM ETQ CB425-LP 4" USB+ETH PRETA GARANTIA DE 18 MESES NA IMPRESSORA E 12 MESES NA CABEÇA TÉRMICA
A39: 992ED040700233 | B39: LEITOR CODIGO BARRAS 2D SM600U USB BRA
A40: 976ZZ010000347 | B40: CBR2D-V (fixo) LEITOR FIXO DESKTOP VERTICAL
A41: 995ED049900300 | B41: CABO SERIAL DB9/RJ45 PARA LEITOR CBR2D-V 2M
A42: 992ED040500233 | B42: LEITOR DE CODIGO DE BARRAS CBR2D-V USB/SERIAL
A43: 915DX012000300 | B43: CBR2D-P (+ suporte) LEITOR 2D PISTOLA COM SUPORTE
A44: 915DX010200J00 | B44: VKP80III IMPRESSORA TERMICA RX65 USB RS232 REAR+HOLDER+ACES BRA(NOVA)
A45: 915DX012300300 | B45: IMP TERM VKP80III ETH CB ETH/U LAT BR
A46: 915CH020300300 | B46: IMP TERM VKP80III RX65 CB SER/USB/AC FONTE BRA (MONTADA CHINA)
A47: 915LC011600300 | B47: TG 2480HIII IMP TERM USB FONTE CB AC/SERIAL/USB BRA
... A78: 932AD100700L00 | B78: PCAP OPEN FRAME MONITOR 23.8 INCHES BRA
B79: PCAP OPEN FRAME MONITOR 32 INCHES BRA
B80: CTM-5500 OF MONITOR DE VIDEO 55" COM TOUCH PCAP
B81: ORION 21.5"J6412 - RAM 8GB - SSD 128GB
B82: ORION 23.8"J6412 - RAM 8GB - SSD 128GB
B83: ORION 27"J6412 - RAM 8GB - SSD 128GB
B84: ORION 21.5" I5 12gen - RAM 8GB - SSD 128GB
B85: ORION 23.8" I5 12gen - RAM 8GB - SSD 128GB
B86: ORION 27" I5 12gen - RAM 8GB - SSD 128GB
B87: CTM-0700 OF MONITOR DE VIDEO 7" COM TOUCH PCAP + PEDESTAL
A88: 932AD150500M33 | B88: CTM-0700 OF MONITOR DE VIDEO 7" SEM TOUCH + PEDESTAL
B89: CTM-1010 MONITOR DE VIDEO 10.1" PCAP E PEDESTAL
A90: 932AD060600M33 | B90: CTM-1010 MONITOR DE VIDEO 10.1" SEM TOUCH E PEDESTAL
A91: 932AD160900M33 | B91: CTM-1500 OF MONITOR DE VIDEO 15" COM TOUCH PCAP + PEDESTAL
A92: 932AD072700M33 | B92: CTM-1560 OF MONITOR DE VIDEO 15.6" PCAP COM PEDESTAL
A93: 932AD170500M33 | B93: CTM-1700 OF MONITOR DE VIDEO 17" COM TOUCH PCAP + PEDESTAL
A94: 932AD170500M33 | B94: CTM-1850 OF MONITOR DE VIDEO 18.5" PCAP COM PEDESTAL
A95: PICMPMN12011X1 | B95: CTM-2380 OF MONITOR DE VIDEO 23,8" PCAP COM PEDESTAL
A96: 911MH010500733 | B96: PEDESTAL MET MONIT 15.6 VERSAO ARTICULADO
A97: GPS080N12002X3 | B97: IMP TERM P3 ETH USB RS232 PRETA BRA
A98: GPS080N12013X3 | B98: ISM 0820S - MONITOR DESK 8 VGA
A99: 935KY180300L33 | B99: ISM 0820S-MONITOR DESK 8 VGA /TST R5
A100: 935KY180400L33 | B100: NPDV SILK 15.6 CX REG 2TPCAP ANDR PR BRA
A101: 935KY180500L33 | B101: NPDV SILK PC 15 CX REG 2TPCAP PR BRA
... A110: 931FL103300L33 | B110: LEITOR 1D SM410
B111: CX REG SIRIUS PC 15.6"J6412 8/128GB +15.6" NO TOUCH
B112: CX REG SIRIUS PC 15.6" I5-11110U 8/256GB BRA
A113: 921LD020900733 | B113: CX REG SIRIUS PC 15.6" i5-11110U 8/256GB +11.6" TOUCH
B114: NPDV FUSION ANDR 10.1 CX REG 2TPCAP IMP ETH USB PR DISP.CLI BRA
A115: 932AD16017GM33 | B115: CX REG SIRIUS PC 15.6" I3-10110U 8/128GB BRA + 15.6" NO TOUCH
A116: 932AD17017GM33 | B116: MON LCD PCAP LITE 15.6 COM PEDESTAL VGA/HDMI LOGO CBR BRA
A117: 931FL102800L33 | B117: MON LCD PCAP LITE 18.5 COM PEDESTAL VGA/HDMI LOGO CBR BRA
A118: 921LB660300733 | B118: CX REG SIRIUS PC 15.6" J6412 4/128GB
A119: 915LF010400300 | B119: CX REG Sirius PC J6412 15.6" W.IoT 4/128 GB
A120: 915CW170400333 | B120: IMPRESSORA TERMICA MODUS 3 80 OF GUI USB R232 NOTCH
A121: 915CW180500322 | B121: IMP TERM MPLUSII 4.7-5V C KIT CABOS RS232 BRA
A122: 915CW180600322 | B122: IMP TERM PLUS2 4-7.5V CABOS PLUS-S BRA
B123: IMP TERM PLUS2 RX65 4-7.5 V C KIT CABOS RS232 BRA

Sheet PNs
A1: PN
A2: 932AD150700M33
A3: 921LD020700733
A4: 931FL104900L33
A5: 931FL105000L33
A6: 931FL105100L33
A7: 931FL103300L33
A8: 921LB661700233
A9: 921LB660400733
A10: 921LB660600733
A11: 921LB660800733
A12: 931FL104700L33
... A100: 915CW180600322

Sheet IMPOSTOS
A1: CATEGORIA | B1: NCM | C1: ESTADO DESTINO | D1: ALIQ. ICMS | E1: ICMS ST | F1: DIFAL CONTRIBUINTE | G1: DIFAL NÃO CONTRIBUINTE | H1: ALIQ. INTERNA
A2: LEITOR DE CÓDIGO DE BARRAS | B2: 8471.90.12 | C2: AL | D2: 0.04 | E2: 0 | F2: 0 | G2: 0.15 | H2: 0.19
A3: LEITOR DE CÓDIGO DE BARRAS | B3: 8471.90.12 | C3: AM | D3: 0.04 | E3: 0 | F3: 0 | G3: 0.16 | H3: 0.2
A4: LEITOR DE CÓDIGO DE BARRAS | B4: 8471.90.12 | C4: BA | D4: 0.04 | E4: 0 | F4: 0 | G4: 0.165 | H4: 0.205
A5: LEITOR DE CÓDIGO DE BARRAS | B5: 8471.90.12 | C5: CE | D5: 0.04 | E5: 0 | F5: 0 | G5: 0.16 | H5: 0.2
A6: LEITOR DE CÓDIGO DE BARRAS | B6: 8471.90.12 | C6: DF | D6: 0.04 | E6: 0 | F6: 0 | G6: 0.16 | H6: 0.2
A7: LEITOR DE CÓDIGO DE BARRAS | B7: 8471.90.12 | C7: ES | D7: 0.04 | E7: 0 | F7: 0 | G7: 0.13 | H7: 0.17
